,SWD_1,SWD_2,SWD_3,SWD_4,SWD_5,SWD_6,SWD_7,SWD_8,SWD_9,SWD_10,SWD_11,SWD_12,SWD_13,SWD_14,SWD_15,SWD_16,SWD_17,SWD_18,SWD_19,SWD_20,SWD_21,SWD_22,SWD_23,SWD_24,SWD_25,SWD_26,SWD_27,SWD_28,SWD_29,SWD_30,SWD_31,SWD_32,SWD_33,SWD_34,SWD_35,SWD_36,SWD_37,SWD_38,SWD_39,SWD_40,SWD_41,SWD_42,SWD_43,SWD_44,SWD_45,SWD_46,SWD_47,SWD_48,SWD_49,SWD_50,SWD_51,SWD_52,SWD_53,SWD_54,SWD_55,SWD_56,SWD_57,SWD_58,SWD_59,SWD_60,SWD_61,SWD_62,SWD_63,SWD_64,SWD_65,SWD_66,SWD_67,SWD_68,SWD_69,SWD_70,SWD_71,SWD_72,SWD_73,SWD_74,SWD_75,SWD_76,SWD_77,SWD_78,SWD_79,SWD_80,SWD_81,SWD_82,SWD_83,SWD_84,SWD_85,SWD_86,SWD_87,SWD_88,SWD_89,SWD_90,SWD_91,SWD_92,SWD_93,SWD_94,SWD_95,SWD_96
2020-04-11,0.0,0.0,0.0,0.0,0.0,0.0,0.0,0.0,0.0,0.0,0.0,0.0,0.0,0.0,0.0,0.0,0.0,0.0,0.0,0.0,2.15,16.64,38.86,38.86,96.31,125.99,158.66,193.95,279.33,322.05,361.35,397.64,450.6,484.87,517.12,547.62,590.51,616.89,641.08,663.36,692.75,709.27,723.45,735.58,748.44,753.39,756.27,757.33,753.2,746.45,737.43,726.43,697.47,679.12,663.26,649.57,614.78,588.22,558.61,526.31,485.34,449.18,414.2,380.26,324.28,284.7,245.59,206.9,149.48,113.47,80.19,49.3,4.61,4.61,0.0,0.0,0.0,0.0,0.0,0.0,0.0,0.0,0.0,0.0,0.0,0.0,0.0,0.0,0.0,0.0,0.0,0.0,0.0,0.0,0.0,0.0
2020-04-12,0.0,0.0,0.0,0.0,0.0,0.0,0.0,0.0,0.0,0.0,0.0,0.0,0.0,0.0,0.0,0.0,0.0,0.0,0.0,0.0,1.4,18.69,46.11,46.11,115.13,153.0,190.44,227.51,281.19,320.99,359.08,395.69,443.44,480.73,507.72,525.69,481.09,521.47,564.59,610.12,677.3,700.98,719.1,732.36,724.39,726.82,680.64,591.93,741.43,647.81,437.13,124.02,666.14,675.56,672.26,657.85,618.8,592.81,565.91,538.22,492.0,456.41,420.6,384.58,327.88,288.57,248.5,207.77,113.64,91.03,71.85,55.67,17.15,17.15,0.0,0.0,0.0,0.0,0.0,0.0,0.0,0.0,0.0,0.0,0.0,0.0,0.0,0.0,0.0,0.0,0.0,0.0,0.0,0.0,0.0,0.0
2020-04-13,0.0,0.0,0.0,0.0,0.0,0.0,0.0,0.0,0.0,0.0,0.0,0.0,0.0,0.0,0.0,0.0,0.0,0.0,0.0,0.0,2.02,13.51,23.01,23.01,30.97,44.52,58.39,72.54,79.56,91.61,95.81,93.14,102.81,120.65,146.91,180.56,237.68,286.22,381.58,517.9,643.13,641.79,640.3,638.7,634.45,631.83,620.13,600.48,555.43,528.45,506.07,487.71,494.51,593.56,650.46,670.46,640.28,613.95,586.56,558.24,510.64,475.5,439.99,404.17,347.51,308.14,269.28,230.89,172.34,133.34,97.85,65.44,23.21,23.21,0.0,0.0,0.0,0.0,0.0,0.0,0.0,0.0,0.0,0.0,0.0,0.0,0.0,0.0,0.0,0.0,0.0,0.0,0.0,0.0,0.0,0.0
2020-04-14,0.0,0.0,0.0,0.0,0.0,0.0,0.0,0.0,0.0,0.0,0.0,0.0,0.0,0.0,0.0,0.0,0.0,0.0,0.0,0.0,3.63,20.36,38.29,38.29,93.95,146.7,198.83,250.44,309.95,349.23,386.98,423.4,476.85,511.25,543.61,574.19,617.14,643.74,668.21,690.83,720.48,737.1,751.43,763.77,777.24,782.67,785.97,787.41,783.79,777.22,768.85,758.91,738.41,720.39,700.85,679.99,643.75,616.25,588.02,559.16,511.44,476.57,441.39,405.93,349.44,309.86,270.94,232.6,173.98,134.94,99.59,67.46,25.52,25.52,0.0,0.0,0.0,0.0,0.0,0.0,0.0,0.0,0.0,0.0,0.0,0.0,0.0,0.0,0.0,0.0,0.0,0.0,0.0,0.0,0.0,0.0
2020-04-15,0.0,0.0,0.0,0.0,0.0,0.0,0.0,0.0,0.0,0.0,0.0,0.0,0.0,0.0,0.0,0.0,0.0,0.0,0.0,0.0,5.04,26.35,57.09,57.09,130.89,169.81,208.11,245.87,303.69,342.46,379.76,415.76,468.64,502.82,535.06,565.61,608.65,635.13,659.4,681.74,711.09,727.62,741.93,754.29,767.8,773.09,776.05,777.0,770.3,762.31,749.97,733.83,691.78,654.24,617.78,582.26,536.48,502.72,473.1,447.09,420.31,397.63,365.02,323.72,242.93,204.49,174.08,150.68,125.69,118.11,99.22,70.43,26.96,26.96,0.0,0.0,0.0,0.0,0.0,0.0,0.0,0.0,0.0,0.0,0.0,0.0,0.0,0.0,0.0,0.0,0.0,0.0,0.0,0.0,0.0,0.0
2020-04-16,0.0,0.0,0.0,0.0,0.0,0.0,0.0,0.0,0.0,0.0,0.0,0.0,0.0,0.0,0.0,0.0,0.0,0.0,0.0,0.0,6.99,29.88,70.16,85.28,137.0,176.11,214.59,252.51,310.18,348.63,385.36,420.58,471.37,502.19,528.57,551.06,572.87,585.93,598.68,611.14,629.46,641.77,649.69,653.77,652.48,649.78,646.07,641.48,629.85,618.23,599.66,575.0,475.72,415.32,371.59,342.43,319.94,311.58,306.64,304.7,329.94,369.09,387.87,388.83,343.57,305.5,267.06,228.29,173.37,132.21,78.37,13.43,4.02,4.02,0.0,0.0,0.0,0.0,0.0,0.0,0.0,0.0,0.0,0.0,0.0,0.0,0.0,0.0,0.0,0.0,0.0,0.0,0.0,0.0,0.0,0.0
2020-04-17,0.0,0.0,0.0,0.0,0.0,0.0,0.0,0.0,0.0,0.0,0.0,0.0,0.0,0.0,0.0,0.0,0.0,0.0,0.0,0.0,8.06,28.71,56.86,56.86,126.66,168.89,208.49,245.79,302.93,341.32,378.19,413.74,465.73,499.57,531.4,561.48,603.9,629.45,653.38,675.89,703.5,716.69,712.37,692.72,646.76,601.77,557.82,514.76,486.43,505.65,522.26,536.59,523.52,546.99,555.72,551.54,519.55,518.7,502.42,472.64,407.31,384.27,358.05,329.05,262.36,237.2,208.77,177.46,123.06,100.78,78.24,55.48,26.55,26.55,0.0,0.0,0.0,0.0,0.0,0.0,0.0,0.0,0.0,0.0,0.0,0.0,0.0,0.0,0.0,0.0,0.0,0.0,0.0,0.0,0.0,0.0
2020-04-18,0.0,0.0,0.0,0.0,0.0,0.0,0.0,0.0,0.0,0.0,0.0,0.0,0.0,0.0,0.0,0.0,0.0,0.0,0.0,0.0,3.19,9.07,17.01,17.01,40.15,32.8,28.52,26.93,44.2,52.2,41.82,15.34,65.97,273.12,375.79,387.02,239.38,191.15,206.84,278.46,387.42,418.53,444.09,464.81,387.73,346.52,377.25,470.92,486.75,507.83,537.27,574.02,540.23,589.56,606.59,595.34,364.8,283.07,315.64,448.23,388.42,378.64,350.86,307.33,151.98,92.09,47.53,16.38,21.68,34.28,33.3,20.45,11.97,11.97,0.18,0.0,0.0,0.0,0.0,0.0,0.0,0.0,0.0,0.0,0.0,0.0,0.0,0.0,0.0,0.0,0.0,0.0,0.0,0.0,0.0,0.0
2020-04-19,0.0,0.0,0.0,0.0,0.0,0.0,0.0,0.0,0.0,0.0,0.0,0.0,0.0,0.0,0.0,0.0,0.0,0.0,0.0,0.0,3.35,12.34,25.12,25.12,51.7,67.13,80.65,92.52,119.41,126.95,139.1,155.27,193.07,241.61,303.52,377.14,448.11,503.85,577.47,666.73,715.38,729.49,744.55,760.43,776.04,781.28,783.7,783.65,779.57,770.6,764.24,760.17,740.66,723.87,705.21,684.91,648.03,621.43,595.29,569.54,523.65,490.32,456.21,421.42,360.41,328.25,290.5,247.85,194.91,156.45,121.17,88.67,43.83,20.34,0.52,0.0,0.0,0.0,0.0,0.0,0.0,0.0,0.0,0.0,0.0,0.0,0.0,0.0,0.0,0.0,0.0,0.0,0.0,0.0,0.0,0.0
2020-04-20,0.0,0.0,0.0,0.0,0.0,0.0,0.0,0.0,0.0,0.0,0.0,0.0,0.0,0.0,0.0,0.0,0.0,0.0,0.0,0.0,16.05,16.05,86.39,102.24,158.99,199.29,238.88,277.83,337.14,376.72,414.76,451.44,505.29,540.04,572.82,603.89,647.74,674.68,699.36,722.05,751.96,768.85,783.46,796.05,809.89,815.56,819.14,820.9,817.75,811.63,803.71,794.22,774.19,756.78,737.99,718.01,682.61,655.36,627.25,598.39,550.31,515.26,479.99,444.52,387.79,347.88,308.54,269.7,210.04,169.95,132.36,96.94,50.3,24.77,1.23,0.0,0.0,0.0,0.0,0.0,0.0,0.0,0.0,0.0,0.0,0.0,0.0,0.0,0.0,0.0,0.0,0.0,0.0,0.0,0.0,0.0
2020-04-21,0.0,0.0,0.0,0.0,0.0,0.0,0.0,0.0,0.0,0.0,0.0,0.0,0.0,0.0,0.0,0.0,0.0,0.0,0.0,0.0,18.76,18.76,90.62,106.78,164.17,204.61,244.34,283.43,342.96,382.77,421.03,457.94,512.11,546.99,579.83,610.87,654.57,681.56,706.27,729.0,758.83,775.51,789.92,802.36,815.79,820.98,823.98,825.04,820.37,812.13,800.45,785.75,754.01,734.13,717.06,702.44,679.11,654.03,626.82,597.74,549.46,514.39,479.18,443.85,387.38,347.71,308.63,270.07,210.94,171.3,134.33,99.69,53.33,27.47,2.13,0.0,0.0,0.0,0.0,0.0,0.0,0.0,0.0,0.0,0.0,0.0,0.0,0.0,0.0,0.0,0.0,0.0,0.0,0.0,0.0,0.0
2020-04-22,0.0,0.0,0.0,0.0,0.0,0.0,0.0,0.0,0.0,0.0,0.0,0.0,0.0,0.0,0.0,0.0,0.0,0.0,0.0,0.0,21.26,21.26,94.01,110.29,167.85,208.29,248.02,287.13,346.53,386.14,424.19,460.87,514.63,549.2,581.79,612.64,656.12,682.86,707.36,729.92,759.46,776.0,790.33,802.71,816.16,821.39,824.48,825.72,822.06,815.82,807.9,798.51,778.62,761.33,742.62,722.67,687.08,659.73,631.63,602.86,554.94,519.83,484.51,449.02,392.34,352.56,313.4,274.76,215.42,175.57,138.39,103.55,56.81,30.41,4.91,4.91,0.0,0.0,0.0,0.0,0.0,0.0,0.0,0.0,0.0,0.0,0.0,0.0,0.0,0.0,0.0,0.0,0.0,0.0,0.0,0.0
2020-04-23,0.0,0.0,0.0,0.0,0.0,0.0,0.0,0.0,0.0,0.0,0.0,0.0,0.0,0.0,0.0,0.0,0.0,0.0,0.0,0.0,23.49,23.49,96.32,112.39,169.57,209.79,249.26,288.09,347.23,386.76,424.74,461.37,515.1,549.76,582.44,613.37,656.78,683.45,708.02,730.75,760.76,777.65,792.3,804.97,818.94,824.73,828.31,829.94,826.14,819.56,811.22,801.33,780.82,763.27,744.38,724.33,688.86,661.7,633.76,605.16,557.56,522.73,487.65,452.37,396.09,356.67,317.83,279.5,220.45,180.66,143.35,108.21,61.18,34.09,7.05,7.05,0.0,0.0,0.0,0.0,0.0,0.0,0.0,0.0,0.0,0.0,0.0,0.0,0.0,0.0,0.0,0.0,0.0,0.0,0.0,0.0
2020-04-24,0.0,0.0,0.0,0.0,0.0,0.0,0.0,0.0,0.0,0.0,0.0,0.0,0.0,0.0,0.0,0.0,0.0,0.0,0.0,0.0,23.62,23.62,83.02,96.67,144.5,180.61,216.82,253.12,313.4,357.0,398.56,438.35,498.28,533.83,568.2,601.53,644.03,672.27,697.92,721.32,726.39,757.29,778.6,791.53,775.86,785.38,796.61,809.34,816.05,809.8,798.74,783.46,771.6,755.82,739.44,722.54,688.62,662.83,636.32,609.17,555.61,527.44,495.6,460.53,403.11,365.27,327.05,288.5,214.49,133.52,90.28,80.06,57.87,34.93,11.47,11.47,0.0,0.0,0.0,0.0,0.0,0.0,0.0,0.0,0.0,0.0,0.0,0.0,0.0,0.0,0.0,0.0,0.0,0.0,0.0,0.0
2020-04-25,0.0,0.0,0.0,0.0,0.0,0.0,0.0,0.0,0.0,0.0,0.0,0.0,0.0,0.0,0.0,0.0,0.0,0.0,0.0,0.0,13.33,13.33,44.92,44.92,81.26,93.9,108.56,124.98,161.2,200.64,247.32,300.34,391.79,467.97,542.35,615.15,663.38,690.07,714.69,737.49,767.44,784.43,799.2,812.03,826.34,832.44,836.35,838.33,835.63,829.96,822.44,813.31,793.79,776.85,758.5,738.91,703.88,676.75,648.76,620.0,572.16,537.32,502.32,467.16,410.92,371.38,332.37,293.85,234.47,194.37,155.8,118.59,70.13,41.6,11.96,11.96,0.0,0.0,0.0,0.0,0.0,0.0,0.0,0.0,0.0,0.0,0.0,0.0,0.0,0.0,0.0,0.0,0.0,0.0,0.0,0.0
2020-04-26,0.0,0.0,0.0,0.0,0.0,0.0,0.0,0.0,0.0,0.0,0.0,0.0,0.0,0.0,0.0,0.0,0.0,0.0,0.0,0.0,9.41,9.41,32.06,38.0,60.8,83.04,109.86,140.7,206.23,253.67,315.27,389.27,518.55,552.77,582.5,608.29,652.23,683.75,710.91,734.26,762.04,779.9,795.09,807.95,822.39,827.67,830.89,832.3,829.0,823.07,815.35,806.06,786.77,770.25,752.02,732.29,696.97,669.26,641.17,612.75,566.62,533.18,499.29,465.0,409.26,370.08,331.61,293.76,235.32,195.68,157.51,120.63,72.59,44.12,14.18,14.18,0.0,0.0,0.0,0.0,0.0,0.0,0.0,0.0,0.0,0.0,0.0,0.0,0.0,0.0,0.0,0.0,0.0,0.0,0.0,0.0
2020-04-27,0.0,0.0,0.0,0.0,0.0,0.0,0.0,0.0,0.0,0.0,0.0,0.0,0.0,0.0,0.0,0.0,0.0,0.0,0.0,0.0,30.55,30.55,91.06,103.47,151.64,183.13,149.82,59.8,64.0,227.1,351.91,443.22,470.34,493.0,516.89,541.85,580.03,614.89,653.24,694.64,223.75,415.98,602.88,785.09,737.36,514.42,318.84,147.19,93.79,83.58,80.14,82.63,473.81,645.57,721.94,714.85,681.47,654.99,628.12,600.9,552.93,519.73,486.35,452.81,372.84,298.39,179.57,21.93,12.95,55.45,68.23,55.01,35.08,35.08,11.28,11.28,0.0,0.0,0.0,0.0,0.0,0.0,0.0,0.0,0.0,0.0,0.0,0.0,0.0,0.0,0.0,0.0,0.0,0.0,0.0,0.0
2020-04-28,0.0,0.0,0.0,0.0,0.0,0.0,0.0,0.0,0.0,0.0,0.0,0.0,0.0,0.0,0.0,0.0,0.0,0.0,0.0,0.0,7.83,12.51,22.58,22.58,50.85,50.85,113.36,113.36,145.65,146.19,143.4,137.7,71.83,68.18,63.77,58.69,46.59,32.58,27.29,29.62,43.24,46.8,54.03,64.49,46.68,82.2,89.2,71.23,97.44,77.53,82.16,108.27,36.81,37.78,42.63,50.88,122.61,176.09,166.76,102.45,155.52,249.35,203.02,34.04,13.12,212.64,203.96,13.09,18.69,9.45,11.84,24.4,73.81,73.81,9.53,5.79,5.79,1.84,0.0,0.0,0.0,0.0,0.0,0.0,0.0,0.0,0.0,0.0,0.0,0.0,0.0,0.0,0.0,0.0,0.0,0.0
2020-04-29,0.0,0.0,0.0,0.0,0.0,0.0,0.0,0.0,0.0,0.0,0.0,0.0,0.0,0.0,0.0,0.0,0.0,0.0,0.0,0.0,7.01,12.08,17.58,17.58,27.01,27.01,44.04,47.71,65.24,79.94,89.7,95.15,120.86,142.48,164.19,185.99,208.07,211.93,236.46,279.06,354.0,295.59,249.13,213.14,572.41,545.49,465.09,337.91,720.81,315.13,141.58,171.14,288.3,173.58,143.67,187.97,660.3,643.4,587.32,496.97,259.97,203.75,158.14,121.82,90.95,82.64,72.03,59.39,19.28,11.67,8.38,8.89,3.36,3.36,1.1,0.63,0.63,0.2,0.0,0.0,0.0,0.0,0.0,0.0,0.0,0.0,0.0,0.0,0.0,0.0,0.0,0.0,0.0,0.0,0.0,0.0
2020-04-30,0.0,0.0,0.0,0.0,0.0,0.0,0.0,0.0,0.0,0.0,0.0,0.0,0.0,0.0,0.0,0.0,0.0,0.0,0.0,0.0,8.22,10.14,13.64,13.64,21.92,26.75,31.9,37.34,47.28,49.38,62.4,84.99,293.51,452.19,510.26,480.29,657.77,692.4,721.01,744.35,770.77,783.71,792.2,796.79,797.29,793.76,602.34,246.54,529.84,643.16,686.36,668.2,570.54,213.64,199.32,484.77,469.13,455.71,339.6,133.64,55.33,35.43,32.25,43.69,267.86,315.72,321.55,290.61,234.24,203.03,170.36,136.41,78.66,78.66,23.98,23.98,0.0,0.0,0.0,0.0,0.0,0.0,0.0,0.0,0.0,0.0,0.0,0.0,0.0,0.0,0.0,0.0,0.0,0.0,0.0,0.0
2020-05-01,0.0,0.0,0.0,0.0,0.0,0.0,0.0,0.0,0.0,0.0,0.0,0.0,0.0,0.0,0.0,0.0,0.0,0.0,0.0,0.0,24.9,24.9,20.08,20.08,18.06,17.32,20.48,27.05,67.53,50.86,62.76,99.66,161.02,197.61,201.85,177.79,187.22,118.79,224.74,483.28,400.98,221.6,232.28,409.25,581.41,421.03,514.68,830.59,815.19,322.42,343.76,814.93,776.26,746.16,731.93,731.58,669.31,499.65,280.23,17.27,182.3,421.97,364.19,46.16,20.65,77.3,75.17,21.59,65.18,116.98,137.54,130.76,81.35,27.38,1.58,1.58,0.0,0.0,0.0,0.0,0.0,0.0,0.0,0.0,0.0,0.0,0.0,0.0,0.0,0.0,0.0,0.0,0.0,0.0,0.0,0.0
2020-05-02,0.0,0.0,0.0,0.0,0.0,0.0,0.0,0.0,0.0,0.0,0.0,0.0,0.0,0.0,0.0,0.0,0.0,0.0,0.0,0.0,32.16,32.16,39.02,78.02,76.33,75.27,92.43,125.54,365.36,384.05,272.34,46.53,51.08,77.74,278.19,630.71,486.31,621.52,701.41,732.89,740.0,568.13,444.76,363.82,769.95,747.32,526.79,133.08,136.01,598.11,817.06,823.26,754.94,304.15,83.77,65.01,30.48,345.73,537.83,622.2,593.16,555.62,520.2,486.62,434.0,390.36,341.42,287.87,54.54,79.0,109.04,143.97,40.49,46.63,37.61,15.33,0.0,0.0,0.0,0.0,0.0,0.0,0.0,0.0,0.0,0.0,0.0,0.0,0.0,0.0,0.0,0.0,0.0,0.0,0.0,0.0
2020-05-03,0.0,0.0,0.0,0.0,0.0,0.0,0.0,0.0,0.0,0.0,0.0,0.0,0.0,0.0,0.0,0.0,0.0,0.0,0.0,0.0,47.66,47.66,120.88,138.36,194.15,234.71,274.4,313.35,372.71,401.92,415.01,413.99,448.66,480.85,514.16,548.45,597.48,633.43,668.35,702.37,752.21,741.99,712.3,665.58,841.63,847.0,843.91,833.42,802.59,812.37,812.26,803.5,725.75,684.26,655.12,636.81,533.35,607.34,599.45,519.91,466.06,368.06,276.34,190.12,100.08,113.35,123.45,130.77,243.21,187.14,119.18,40.81,29.37,11.01,2.97,2.97,0.0,0.0,0.0,0.0,0.0,0.0,0.0,0.0,0.0,0.0,0.0,0.0,0.0,0.0,0.0,0.0,0.0,0.0,0.0,0.0
2020-05-04,0.0,0.0,0.0,0.0,0.0,0.0,0.0,0.0,0.0,0.0,0.0,0.0,0.0,0.0,0.0,0.0,0.0,0.0,0.0,0.0,21.15,21.15,48.09,48.09,78.14,79.73,93.33,117.43,152.23,188.06,230.48,278.65,315.97,345.8,363.38,370.23,213.62,139.47,98.69,87.11,79.88,79.92,89.73,108.08,205.58,355.4,448.4,491.68,517.73,270.6,173.71,208.28,609.33,708.99,745.91,727.95,715.14,690.57,664.57,637.31,463.91,226.63,155.87,230.82,432.88,387.83,344.31,302.12,259.99,225.54,190.18,154.01,101.43,66.73,39.85,19.82,0.29,0.09,0.0,0.0,0.0,0.0,0.0,0.0,0.0,0.0,0.0,0.0,0.0,0.0,0.0,0.0,0.0,0.0,0.0,0.0
2020-05-05,0.0,0.0,0.0,0.0,0.0,0.0,0.0,0.0,0.0,0.0,0.0,0.0,0.0,0.0,0.0,0.0,0.0,0.0,0.0,0.0,43.2,43.2,104.39,118.21,169.73,208.91,249.75,292.03,363.61,407.36,446.92,482.82,535.26,570.33,604.16,636.9,680.42,706.21,729.3,750.02,776.88,791.51,804.23,815.29,829.7,835.33,839.47,842.29,864.31,863.73,859.2,851.2,831.7,814.28,795.86,776.56,742.75,718.51,693.0,666.39,618.33,584.24,549.94,515.48,459.69,420.37,381.86,344.06,284.58,243.62,203.93,165.34,109.76,78.01,49.48,23.76,0.8,0.26,0.0,0.0,0.0,0.0,0.0,0.0,0.0,0.0,0.0,0.0,0.0,0.0,0.0,0.0,0.0,0.0,0.0,0.0
2020-05-06,0.0,0.0,0.0,0.0,0.0,0.0,0.0,0.0,0.0,0.0,0.0,0.0,0.0,0.0,0.0,0.0,0.0,0.0,0.0,0.0,60.38,60.38,142.94,161.1,218.61,258.57,297.7,336.08,394.24,432.98,470.11,505.83,558.15,591.92,623.72,653.81,696.16,722.27,746.33,768.61,797.93,814.31,828.44,840.58,853.8,859.16,862.55,864.19,861.38,855.86,848.64,839.94,821.49,805.55,788.27,769.82,736.49,710.56,683.78,656.25,610.04,576.06,541.83,507.36,452.24,413.57,375.41,337.7,279.31,239.6,201.19,163.9,110.22,79.01,50.87,25.42,1.46,0.46,0.0,0.0,0.0,0.0,0.0,0.0,0.0,0.0,0.0,0.0,0.0,0.0,0.0,0.0,0.0,0.0,0.0,0.0
2020-05-07,0.0,0.0,0.0,0.0,0.0,0.0,0.0,0.0,0.0,0.0,0.0,0.0,0.0,0.0,0.0,0.0,0.0,0.0,0.0,0.0,62.42,93.44,126.74,162.04,219.0,258.48,297.06,334.85,392.18,430.51,467.38,502.96,555.25,589.04,620.89,651.03,693.51,719.76,743.85,766.06,795.2,811.63,825.88,838.21,851.7,857.45,861.25,863.36,861.09,855.89,848.85,840.2,821.33,804.85,787.11,768.25,735.03,709.48,683.08,655.93,610.49,577.06,543.39,509.5,455.14,416.78,378.87,341.36,282.95,243.18,204.69,167.3,113.35,82.09,53.76,28.01,2.4,0.76,0.0,0.0,0.0,0.0,0.0,0.0,0.0,0.0,0.0,0.0,0.0,0.0,0.0,0.0,0.0,0.0,0.0,0.0
2020-05-08,0.0,0.0,0.0,0.0,0.0,0.0,0.0,0.0,0.0,0.0,0.0,0.0,0.0,0.0,0.0,0.0,0.0,0.0,0.0,0.0,54.41,54.41,117.66,131.36,179.93,215.31,249.01,281.25,328.72,361.69,394.83,428.12,473.84,503.45,531.11,557.05,594.17,619.53,634.26,639.69,605.43,582.81,571.57,570.3,580.16,583.81,584.0,581.17,578.38,571.54,562.97,552.88,536.13,521.13,506.32,491.66,467.63,457.85,451.39,447.81,437.29,426.44,414.26,400.92,377.67,359.48,337.33,311.73,259.12,222.59,187.43,153.48,107.57,79.45,53.67,29.96,4.52,1.44,0.0,0.0,0.0,0.0,0.0,0.0,0.0,0.0,0.0,0.0,0.0,0.0,0.0,0.0,0.0,0.0,0.0,0.0
2020-05-09,0.0,0.0,0.0,0.0,0.0,0.0,0.0,0.0,0.0,0.0,0.0,0.0,0.0,0.0,0.0,0.0,0.0,0.0,0.0,0.0,35.73,35.73,54.41,51.38,47.02,55.12,63.99,73.55,82.58,92.08,100.22,107.18,114.09,146.57,200.73,273.85,448.64,526.32,597.84,663.97,741.15,776.71,801.38,816.51,785.22,773.35,661.01,460.77,598.97,722.05,777.22,772.96,670.52,305.01,146.08,167.9,161.48,134.87,111.94,92.23,140.53,127.47,92.76,39.12,23.11,21.76,23.87,29.01,33.45,76.48,119.06,161.24,112.04,78.38,40.45,40.45,5.89,1.87,0.0,0.0,0.0,0.0,0.0,0.0,0.0,0.0,0.0,0.0,0.0,0.0,0.0,0.0,0.0,0.0,0.0,0.0
2020-05-10,0.0,0.0,0.0,0.0,0.0,0.0,0.0,0.0,0.0,0.0,0.0,0.0,0.0,0.0,0.0,0.0,0.0,0.0,0.0,0.0,1.3,1.3,12.8,21.08,17.55,19.67,67.65,155.77,11.65,30.45,52.14,76.36,415.99,448.66,497.31,559.96,648.61,684.7,706.96,717.09,683.1,720.64,736.41,733.13,628.25,632.45,601.06,538.52,313.33,263.81,215.13,167.17,19.72,36.06,50.4,63.01,78.46,57.77,43.61,35.17,83.32,33.68,10.52,10.53,10.91,14.01,13.3,9.25,8.69,13.21,20.4,29.93,17.02,17.02,5.37,5.37,0.41,0.13,0.0,0.0,0.0,0.0,0.0,0.0,0.0,0.0,0.0,0.0,0.0,0.0,0.0,0.0,0.0,0.0,0.0,0.0
2020-05-11,0.0,0.0,0.0,0.0,0.0,0.0,0.0,0.0,0.0,0.0,0.0,0.0,0.0,0.0,0.0,0.0,0.0,0.0,0.0,0.0,22.61,22.61,51.08,57.96,83.29,96.65,104.75,108.25,118.54,140.14,177.71,229.27,296.26,328.76,363.98,401.56,398.26,382.59,375.75,376.61,405.44,424.14,432.32,431.31,454.97,489.89,533.14,583.67,692.82,754.19,807.15,852.75,769.2,672.47,632.0,640.79,710.22,717.23,705.67,677.87,633.29,598.33,557.16,510.57,437.59,425.6,400.79,364.77,306.19,266.9,228.29,190.28,134.75,100.39,69.45,41.51,8.75,8.75,0.0,0.0,0.0,0.0,0.0,0.0,0.0,0.0,0.0,0.0,0.0,0.0,0.0,0.0,0.0,0.0,0.0,0.0
2020-05-12,0.0,0.0,0.0,0.0,0.0,0.0,0.0,0.0,0.0,0.0,0.0,0.0,0.0,0.0,0.0,0.0,0.0,0.0,0.0,0.0,79.62,113.75,149.08,185.46,242.98,282.79,321.67,359.75,417.46,455.92,492.86,528.47,580.73,614.54,646.31,676.31,718.61,744.57,743.75,719.51,724.39,743.3,784.63,845.56,876.67,882.02,886.84,891.21,890.3,885.89,879.36,871.0,852.35,836.05,818.26,799.18,765.33,738.79,711.95,684.84,638.42,599.75,560.78,521.56,477.63,391.27,268.11,112.78,202.93,227.79,220.94,186.34,133.89,97.13,65.22,37.57,10.9,10.9,0.0,0.0,0.0,0.0,0.0,0.0,0.0,0.0,0.0,0.0,0.0,0.0,0.0,0.0,0.0,0.0,0.0,0.0
2020-05-13,0.0,0.0,0.0,0.0,0.0,0.0,0.0,0.0,0.0,0.0,0.0,0.0,0.0,0.0,0.0,0.0,0.0,0.0,0.0,0.0,79.55,113.4,148.2,183.81,240.79,280.28,318.89,356.71,413.91,452.04,488.67,523.97,575.74,609.05,640.41,670.07,711.61,736.79,760.57,783.12,810.48,826.82,840.0,850.39,867.84,865.41,863.34,861.6,875.54,870.77,857.27,836.13,787.49,804.81,803.84,786.86,734.48,714.08,688.3,657.79,534.88,526.15,508.18,482.11,452.15,428.27,308.12,103.72,125.39,191.86,210.59,187.53,134.84,102.51,72.58,44.77,10.93,10.93,0.0,0.0,0.0,0.0,0.0,0.0,0.0,0.0,0.0,0.0,0.0,0.0,0.0,0.0,0.0,0.0,0.0,0.0
2020-05-14,0.0,0.0,0.0,0.0,0.0,0.0,0.0,0.0,0.0,0.0,0.0,0.0,0.0,0.0,0.0,0.0,0.0,0.0,0.0,0.0,69.93,65.54,66.66,72.61,92.15,151.37,237.94,348.44,427.94,467.2,504.75,540.79,593.34,627.29,659.32,689.66,732.3,758.46,782.51,804.7,834.07,851.05,865.79,878.55,891.7,896.27,898.92,899.88,896.62,889.71,883.58,878.13,864.62,847.88,829.37,809.32,774.68,748.2,721.34,694.17,647.6,612.98,578.54,544.27,488.02,449.03,410.82,373.31,314.34,232.89,179.65,151.1,114.71,58.1,37.37,48.04,12.55,12.55,0.0,0.0,0.0,0.0,0.0,0.0,0.0,0.0,0.0,0.0,0.0,0.0,0.0,0.0,0.0,0.0,0.0,0.0
2020-05-15,0.0,0.0,0.0,0.0,0.0,0.0,0.0,0.0,0.0,0.0,0.0,0.0,0.0,0.0,0.0,0.0,0.0,0.0,0.0,0.0,49.37,58.55,72.72,91.25,130.14,168.23,219.84,283.27,365.92,442.04,498.36,537.34,589.57,623.24,655.01,685.11,727.62,753.8,777.85,800.05,829.34,845.88,860.26,872.75,886.44,891.98,895.4,896.95,893.68,887.77,880.14,870.99,851.77,835.28,817.54,798.69,765.81,740.3,713.94,686.85,641.78,608.19,563.9,510.24,483.71,219.76,89.7,76.79,313.7,248.5,205.72,182.54,142.49,106.37,75.63,49.59,15.13,15.13,0.0,0.0,0.0,0.0,0.0,0.0,0.0,0.0,0.0,0.0,0.0,0.0,0.0,0.0,0.0,0.0,0.0,0.0
2020-05-16,0.0,0.0,0.0,0.0,0.0,0.0,0.0,0.0,0.0,0.0,0.0,0.0,0.0,0.0,0.0,0.0,0.0,0.0,0.0,0.0,88.65,122.08,156.9,192.95,250.23,289.92,328.63,366.47,423.49,461.51,497.91,532.91,584.04,616.82,647.81,677.24,718.94,744.55,701.59,598.64,572.12,661.26,758.0,861.4,875.64,882.26,880.37,871.03,860.6,848.12,810.51,750.92,755.58,759.57,764.78,771.06,727.16,698.92,651.53,587.41,446.76,515.36,541.91,531.67,476.89,442.35,406.15,368.51,227.1,95.87,30.48,22.71,16.57,14.59,11.89,8.56,6.93,6.93,0.0,0.0,0.0,0.0,0.0,0.0,0.0,0.0,0.0,0.0,0.0,0.0,0.0,0.0,0.0,0.0,0.0,0.0
2020-05-17,0.0,0.0,0.0,0.0,0.0,0.0,0.0,0.0,0.0,0.0,0.0,0.0,0.0,0.0,0.0,0.0,0.0,0.0,0.0,0.0,30.3,46.59,64.82,84.73,125.88,178.36,240.07,309.86,415.63,457.86,496.15,531.0,581.79,614.52,645.24,674.2,714.68,739.39,762.0,782.76,810.18,825.96,839.84,852.05,866.02,872.05,876.02,878.2,875.88,870.55,863.52,855.0,836.05,820.03,802.58,783.88,750.67,725.16,699.02,672.3,627.57,595.07,562.45,529.7,476.94,439.15,401.77,364.75,307.62,268.74,231.13,194.61,140.28,108.19,78.66,51.39,17.42,17.42,0.0,0.0,0.0,0.0,0.0,0.0,0.0,0.0,0.0,0.0,0.0,0.0,0.0,0.0,0.0,0.0,0.0,0.0
2020-05-18,0.0,0.0,0.0,0.0,0.0,0.0,0.0,0.0,0.0,0.0,0.0,0.0,0.0,0.0,0.0,0.0,0.0,0.0,12.0,34.5,57.54,74.08,90.37,106.43,130.7,148.22,166.43,185.24,194.71,161.34,148.46,153.52,210.54,215.02,234.71,267.7,412.35,493.3,548.17,580.22,639.35,683.05,722.16,757.27,812.81,833.75,845.35,848.79,851.67,852.51,850.27,845.36,828.97,814.64,799.12,782.56,751.77,726.8,701.37,675.55,633.26,600.9,567.91,534.36,481.52,443.92,406.72,369.88,313.68,275.76,238.94,203.07,149.56,115.97,85.27,57.11,21.05,21.05,0.0,0.0,0.0,0.0,0.0,0.0,0.0,0.0,0.0,0.0,0.0,0.0,0.0,0.0,0.0,0.0,0.0,0.0
2020-05-19,0.0,0.0,0.0,0.0,0.0,0.0,0.0,0.0,0.0,0.0,0.0,0.0,0.0,0.0,0.0,0.0,0.27,0.27,18.24,51.93,93.4,121.79,150.51,179.54,234.19,278.28,319.91,359.38,416.16,452.97,488.3,522.34,572.24,604.35,634.6,663.23,703.6,728.52,751.47,772.68,800.75,816.55,830.22,842.02,855.1,860.64,864.31,866.36,864.16,858.87,851.83,843.26,824.35,807.4,789.93,771.98,741.17,716.66,691.23,664.98,620.81,588.13,555.56,523.08,289.38,130.0,62.25,74.68,294.46,264.62,201.83,110.2,66.41,57.51,47.09,35.34,12.19,12.19,0.0,0.0,0.0,0.0,0.0,0.0,0.0,0.0,0.0,0.0,0.0,0.0,0.0,0.0,0.0,0.0,0.0,0.0
2020-05-20,0.0,0.0,0.0,0.0,0.0,0.0,0.0,0.0,0.0,0.0,0.0,0.0,0.0,0.0,0.0,0.0,0.16,0.16,0.16,0.16,23.52,23.52,50.21,56.58,80.67,101.43,124.56,149.76,200.02,260.53,328.98,404.38,521.51,575.35,612.49,635.0,704.09,728.89,751.78,773.02,800.91,816.7,830.44,842.39,855.69,861.25,864.85,866.75,864.11,859.04,852.5,844.69,826.35,810.94,794.36,776.76,746.7,722.22,696.71,670.3,626.12,594.4,562.28,529.81,477.04,440.3,404.18,368.61,311.42,274.02,237.16,200.79,146.57,113.78,84.29,57.68,22.46,22.46,0.0,0.0,0.0,0.0,0.0,0.0,0.0,0.0,0.0,0.0,0.0,0.0,0.0,0.0,0.0,0.0,0.0,0.0
2020-05-21,0.0,0.0,0.0,0.0,0.0,0.0,0.0,0.0,0.0,0.0,0.0,0.0,0.0,0.0,0.0,0.0,1.28,1.28,19.48,53.61,94.2,124.9,157.12,190.67,243.92,283.22,321.38,358.55,413.54,449.55,484.45,518.37,568.38,600.72,631.79,661.74,702.83,727.6,750.21,770.93,797.86,813.33,826.63,838.03,847.28,854.25,858.44,860.19,856.79,853.24,845.43,833.9,792.89,762.0,731.82,702.27,671.77,639.57,609.37,580.92,543.94,524.61,511.39,503.53,474.55,438.1,401.82,365.71,309.94,272.06,235.03,198.74,144.73,114.04,85.38,58.47,24.07,24.07,0.0,0.0,0.0,0.0,0.0,0.0,0.0,0.0,0.0,0.0,0.0,0.0,0.0,0.0,0.0,0.0,0.0,0.0
2020-05-22,0.0,0.0,0.0,0.0,0.0,0.0,0.0,0.0,0.0,0.0,0.0,0.0,0.0,0.0,0.0,0.0,1.48,1.48,7.85,19.79,31.13,31.13,50.35,54.81,69.28,80.6,91.93,103.28,124.41,139.02,153.38,167.51,177.55,197.12,212.31,223.69,222.28,247.07,264.85,276.49,268.46,292.0,307.43,315.75,301.57,314.28,315.09,305.51,275.09,282.03,274.83,255.25,163.11,62.14,95.39,246.08,237.34,222.0,207.02,192.36,184.94,184.03,165.97,132.93,113.71,80.38,57.03,42.39,78.0,56.0,37.03,20.72,17.01,21.89,21.01,21.01,4.87,4.87,0.0,0.0,0.0,0.0,0.0,0.0,0.0,0.0,0.0,0.0,0.0,0.0,0.0,0.0,0.0,0.0,0.0,0.0
2020-05-23,0.0,0.0,0.0,0.0,0.0,0.0,0.0,0.0,0.0,0.0,0.0,0.0,0.0,0.0,0.0,0.0,2.14,2.14,15.36,40.15,61.9,77.64,92.61,106.9,129.36,135.91,137.43,134.55,180.5,151.76,173.19,238.52,136.28,296.28,384.43,409.71,481.78,533.21,589.33,649.57,141.17,596.75,808.85,807.93,832.55,690.76,680.45,785.2,836.08,742.14,757.04,867.17,150.0,593.39,788.88,767.47,76.65,522.53,715.55,687.33,508.16,405.63,418.42,532.11,266.54,272.94,293.55,326.59,326.41,285.25,182.86,26.91,154.84,116.78,87.16,64.91,28.37,28.37,0.0,0.0,0.0,0.0,0.0,0.0,0.0,0.0,0.0,0.0,0.0,0.0,0.0,0.0,0.0,0.0,0.0,0.0
2020-05-24,0.0,0.0,0.0,0.0,0.0,0.0,0.0,0.0,0.0,0.0,0.0,0.0,0.0,0.0,0.0,0.0,2.44,2.44,3.81,6.38,8.13,11.45,18.61,29.13,163.17,190.98,221.49,254.37,262.07,352.27,415.21,454.31,355.64,335.3,410.86,570.33,702.28,520.15,402.59,341.5,640.3,562.0,428.5,246.7,238.86,467.0,677.56,872.76,857.21,857.21,853.47,846.47,715.32,684.1,561.27,358.3,326.39,583.9,666.76,596.81,327.84,413.83,456.49,461.23,465.89,437.97,296.01,54.26,59.97,183.24,226.77,200.51,127.21,44.75,21.65,50.49,4.32,4.32,0.0,0.0,0.0,0.0,0.0,0.0,0.0,0.0,0.0,0.0,0.0,0.0,0.0,0.0,0.0,0.0,0.0,0.0
2020-05-25,0.0,0.0,0.0,0.0,0.0,0.0,0.0,0.0,0.0,0.0,0.0,0.0,0.0,0.0,0.0,0.0,0.89,0.89,6.15,16.01,32.09,32.09,72.13,80.09,110.49,139.44,179.58,229.53,305.75,323.79,325.26,312.23,380.46,480.39,555.78,609.71,592.74,617.85,538.06,366.47,336.41,392.35,441.24,483.97,719.72,814.87,823.58,756.66,150.43,194.03,437.94,857.15,812.16,812.89,610.13,229.31,185.2,543.2,698.52,676.49,625.43,598.35,565.42,527.37,442.57,430.15,404.63,367.65,311.99,280.05,245.39,208.36,150.16,120.43,87.62,52.12,28.7,28.7,0.34,0.34,0.0,0.0,0.0,0.0,0.0,0.0,0.0,0.0,0.0,0.0,0.0,0.0,0.0,0.0,0.0,0.0
2020-05-26,0.0,0.0,0.0,0.0,0.0,0.0,0.0,0.0,0.0,0.0,0.0,0.0,0.0,0.0,0.0,0.0,2.6,2.6,12.55,31.2,47.66,67.75,87.76,107.69,161.74,233.15,301.46,367.04,429.67,468.62,505.45,540.42,590.99,623.55,654.2,683.2,723.97,748.74,771.31,791.95,818.95,834.25,847.84,859.92,873.51,879.44,883.48,885.87,884.29,879.56,873.04,864.97,847.61,832.21,815.42,797.43,764.91,740.06,714.58,688.56,645.0,612.71,579.78,546.29,491.18,453.11,415.52,378.35,321.36,283.57,247.48,212.88,161.14,127.92,97.57,69.72,32.88,32.88,0.67,0.67,0.0,0.0,0.0,0.0,0.0,0.0,0.0,0.0,0.0,0.0,0.0,0.0,0.0,0.0,0.0,0.0
2020-05-27,0.0,0.0,0.0,0.0,0.0,0.0,0.0,0.0,0.0,0.0,0.0,0.0,0.0,0.0,0.0,0.0,0.0,0.0,47.61,69.35,107.69,143.62,183.17,222.44,264.17,306.09,347.73,389.0,429.83,469.89,509.03,547.06,583.76,618.87,652.22,683.61,712.97,740.21,765.28,788.1,808.24,826.38,841.56,853.3,863.06,869.01,867.83,871.01,846.87,673.72,459.77,356.38,337.04,447.12,591.65,664.1,523.2,185.17,217.66,596.12,627.1,588.26,554.05,496.93,467.15,441.07,388.12,356.82,316.41,276.92,218.58,136.72,131.63,117.57,88.1,59.02,27.6,22.33,0.9,0.9,0.0,0.0,0.0,0.0,0.0,0.0,0.0,0.0,0.0,0.0,0.0,0.0,0.0,0.0,0.0,0.0
2020-05-28,0.0,0.0,0.0,0.0,0.0,0.0,0.0,0.0,0.0,0.0,0.0,0.0,0.0,0.0,0.0,0.0,3.76,3.76,9.82,21.18,34.67,47.57,63.49,82.07,121.4,187.4,267.84,360.92,444.91,482.26,517.94,552.18,603.28,636.02,666.95,696.28,737.85,763.31,786.66,808.17,836.53,852.43,866.23,878.2,891.6,897.99,902.3,904.78,903.05,897.44,889.91,880.7,861.25,844.87,827.23,808.49,774.77,749.04,723.44,697.94,649.15,621.76,591.24,557.98,503.17,464.07,425.24,386.63,329.94,292.28,255.45,219.34,165.33,131.43,100.75,72.89,35.58,35.58,1.25,1.25,0.0,0.0,0.0,0.0,0.0,0.0,0.0,0.0,0.0,0.0,0.0,0.0,0.0,0.0,0.0,0.0
2020-05-29,0.0,0.0,0.0,0.0,0.0,0.0,0.0,0.0,0.0,0.0,0.0,0.0,0.0,0.0,0.0,0.0,8.46,8.46,31.05,73.4,109.78,146.59,184.64,223.78,279.66,318.21,355.8,392.56,448.14,485.12,520.58,554.71,604.79,637.15,667.69,696.64,737.47,762.68,785.8,807.1,834.92,850.26,863.46,874.78,887.71,893.17,896.73,898.63,894.58,888.5,882.21,875.74,857.87,842.92,826.59,809.07,777.56,752.16,726.16,699.64,653.77,620.14,586.83,553.81,500.97,463.62,426.74,390.3,334.26,295.47,258.05,221.83,167.82,133.22,101.7,72.88,35.45,35.45,1.62,1.62,0.0,0.0,0.0,0.0,0.0,0.0,0.0,0.0,0.0,0.0,0.0,0.0,0.0,0.0,0.0,0.0
2020-05-30,0.0,0.0,0.0,0.0,0.0,0.0,0.0,0.0,0.0,0.0,0.0,0.0,0.0,0.0,0.0,0.0,9.4,9.4,32.38,75.47,118.77,154.03,189.38,224.79,280.45,318.75,356.08,392.56,447.77,484.51,519.72,553.6,603.15,635.07,665.08,693.42,733.24,757.7,780.19,800.95,828.62,844.31,858.01,869.96,883.4,889.16,892.88,894.83,892.34,886.91,880.16,872.25,855.36,838.63,821.57,804.22,772.77,745.49,718.64,692.15,645.65,601.81,420.96,120.22,265.67,361.41,398.81,385.16,331.12,293.56,256.43,219.66,165.45,129.89,99.88,74.72,37.63,37.63,1.97,1.97,0.0,0.0,0.0,0.0,0.0,0.0,0.0,0.0,0.0,0.0,0.0,0.0,0.0,0.0,0.0,0.0
2020-05-31,0.0,0.0,0.0,0.0,0.0,0.0,0.0,0.0,0.0,0.0,0.0,0.0,0.0,0.0,0.0,0.0,10.26,10.26,33.23,76.3,119.38,154.51,189.73,225.05,280.54,318.64,355.92,392.48,447.95,484.72,519.89,553.66,603.26,635.38,665.71,694.47,734.9,759.92,782.89,804.06,831.41,846.66,860.12,872.0,885.37,890.33,893.69,895.64,892.24,885.8,878.28,869.83,852.67,836.87,819.56,800.94,768.55,743.71,718.21,692.14,648.09,615.39,582.54,549.58,494.92,447.01,407.1,374.22,324.18,287.98,251.71,215.37,163.59,130.62,101.04,74.41,37.81,37.81,2.33,2.33,0.0,0.0,0.0,0.0,0.0,0.0,0.0,0.0,0.0,0.0,0.0,0.0,0.0,0.0,0.0,0.0
2020-06-01,0.0,0.0,0.0,0.0,0.0,0.0,0.0,0.0,0.0,0.0,0.0,0.0,0.0,0.0,0.0,0.0,11.19,11.19,34.28,77.57,120.66,155.58,190.74,226.1,281.82,320.19,357.62,394.24,449.56,486.31,521.52,555.37,604.65,636.19,665.91,694.05,733.56,757.75,780.01,800.58,827.78,843.1,856.36,867.8,880.38,885.5,888.68,890.16,887.05,881.28,873.88,865.04,846.54,830.8,814.31,797.17,764.35,739.0,713.46,687.75,630.66,608.55,580.48,547.17,495.95,459.63,423.95,388.81,334.19,296.12,259.37,223.76,168.89,135.35,104.91,77.2,40.01,40.01,2.81,2.81,0.0,0.0,0.0,0.0,0.0,0.0,0.0,0.0,0.0,0.0,0.0,0.0,0.0,0.0,0.0,0.0
2020-06-02,0.0,0.0,0.0,0.0,0.0,0.0,0.0,0.0,0.0,0.0,0.0,0.0,0.0,0.0,0.0,0.0,12.45,12.45,62.7,76.02,120.56,155.28,190.25,225.43,281.12,318.47,355.17,391.29,443.77,479.23,513.86,547.75,597.77,630.28,660.9,689.86,730.53,755.53,778.43,799.48,827.53,843.28,856.7,868.07,881.16,886.19,889.2,890.45,886.41,879.5,870.91,860.86,839.06,825.71,810.31,793.12,756.39,735.93,712.7,687.06,643.19,611.91,580.8,549.82,496.7,460.49,424.26,388.01,331.45,293.51,256.47,220.23,164.2,132.5,101.61,71.44,35.57,35.57,4.79,4.79,0.0,0.0,0.0,0.0,0.0,0.0,0.0,0.0,0.0,0.0,0.0,0.0,0.0,0.0,0.0,0.0
2020-06-03,0.0,0.0,0.0,0.0,0.0,0.0,0.0,0.0,0.0,0.0,0.0,0.0,0.0,0.0,0.0,0.0,12.29,12.29,27.73,56.68,71.03,113.47,115.37,81.79,52.93,61.72,67.98,72.03,120.77,106.28,105.33,116.25,164.13,179.94,226.43,299.78,417.18,619.87,730.75,761.29,782.95,803.98,823.61,842.01,859.91,871.15,877.68,880.1,868.19,867.62,863.57,856.47,834.98,822.33,803.93,780.51,752.1,718.01,679.1,635.98,391.05,241.29,233.89,351.05,395.36,353.68,310.41,265.73,206.19,194.66,173.86,144.95,70.48,36.24,16.86,10.5,16.12,16.12,3.3,3.3,0.0,0.0,0.0,0.0,0.0,0.0,0.0,0.0,0.0,0.0,0.0,0.0,0.0,0.0,0.0,0.0
2020-06-04,0.0,0.0,0.0,0.0,0.0,0.0,0.0,0.0,0.0,0.0,0.0,0.0,0.0,0.0,0.0,0.0,7.7,7.7,21.44,47.19,68.63,65.97,64.99,65.48,91.31,100.94,103.24,99.13,60.36,64.83,83.54,114.73,145.33,124.25,112.77,109.67,197.68,175.84,210.7,295.17,471.44,531.68,492.81,367.22,346.94,517.13,580.33,549.9,628.06,653.92,553.05,341.28,543.5,284.36,157.65,146.79,422.94,382.18,313.42,220.18,161.24,154.78,133.76,100.0,113.99,95.1,83.09,77.08,43.56,34.37,24.89,15.15,50.33,93.37,97.81,68.49,38.63,38.63,1.48,1.48,0.0,0.0,0.0,0.0,0.0,0.0,0.0,0.0,0.0,0.0,0.0,0.0,0.0,0.0,0.0,0.0
2020-06-05,0.0,0.0,0.0,0.0,0.0,0.0,0.0,0.0,0.0,0.0,0.0,0.0,0.0,0.0,0.0,0.0,1.62,1.62,6.91,16.82,13.67,38.75,38.27,15.42,32.12,111.03,125.03,82.23,91.33,67.14,86.08,142.75,324.84,184.15,131.67,156.36,131.27,95.37,297.49,707.86,55.85,149.35,328.81,583.51,235.37,623.25,664.88,403.54,771.21,794.03,758.28,671.27,821.8,822.77,743.27,593.36,637.15,671.69,466.56,51.72,607.94,555.43,491.2,416.73,43.81,77.43,75.49,42.45,103.12,56.9,50.33,78.48,31.98,65.55,59.97,20.15,5.75,5.75,0.95,0.95,0.0,0.0,0.0,0.0,0.0,0.0,0.0,0.0,0.0,0.0,0.0,0.0,0.0,0.0,0.0,0.0
2020-06-06,0.0,0.0,0.0,0.0,0.0,0.0,0.0,0.0,0.0,0.0,0.0,0.0,0.0,0.0,0.0,0.0,16.78,16.78,34.07,66.48,80.31,93.36,132.88,195.58,279.82,313.39,304.01,257.04,101.67,223.18,371.86,544.32,511.45,195.1,99.36,196.65,742.37,429.62,460.82,792.97,444.41,333.16,348.09,473.41,596.33,789.56,655.06,233.79,347.71,311.42,498.11,879.91,862.36,825.52,572.45,130.19,781.26,749.36,501.75,65.38,354.45,521.73,521.56,374.87,195.46,360.52,416.16,376.06,345.48,306.68,257.77,199.99,177.57,143.44,112.33,83.87,44.99,44.99,4.95,4.95,0.0,0.0,0.0,0.0,0.0,0.0,0.0,0.0,0.0,0.0,0.0,0.0,0.0,0.0,0.0,0.0
2020-06-07,0.0,0.0,0.0,0.0,0.0,0.0,0.0,0.0,0.0,0.0,0.0,0.0,0.0,0.0,0.0,0.0,2.88,2.88,21.2,21.2,37.97,120.38,172.55,198.26,83.01,99.37,101.13,90.12,91.73,103.57,121.37,144.39,169.24,247.02,418.83,672.91,741.69,767.21,789.79,809.78,831.22,844.97,858.29,871.25,873.55,473.83,281.8,271.5,248.55,689.26,850.46,767.09,859.65,347.61,103.19,92.93,125.46,188.74,385.98,700.44,642.53,619.1,432.09,101.95,74.04,86.9,192.57,379.45,336.76,298.55,257.67,214.43,170.82,119.59,84.32,63.01,39.3,39.3,4.64,4.64,0.0,0.0,0.0,0.0,0.0,0.0,0.0,0.0,0.0,0.0,0.0,0.0,0.0,0.0,0.0,0.0
2020-06-08,0.0,0.0,0.0,0.0,0.0,0.0,0.0,0.0,0.0,0.0,0.0,0.0,0.0,0.0,0.0,0.0,2.43,2.43,8.6,8.6,15.14,20.93,39.15,68.25,85.03,105.4,143.8,197.96,272.84,299.25,330.37,365.62,428.03,456.14,501.34,561.49,656.54,728.99,771.35,787.35,747.83,611.88,545.9,541.16,727.89,836.31,887.06,887.33,880.69,869.99,865.22,865.63,846.01,819.78,804.25,798.08,747.62,720.51,701.54,689.69,639.11,605.91,576.06,549.15,490.19,454.54,419.29,384.4,326.84,290.72,254.21,217.36,94.71,46.83,26.22,29.47,42.24,42.24,5.39,5.39,0.0,0.0,0.0,0.0,0.0,0.0,0.0,0.0,0.0,0.0,0.0,0.0,0.0,0.0,0.0,0.0
2020-06-09,0.0,0.0,0.0,0.0,0.0,0.0,0.0,0.0,0.0,0.0,0.0,0.0,0.0,0.0,0.0,0.0,6.25,6.25,31.48,31.48,70.33,99.22,128.75,158.84,186.83,197.4,209.68,223.46,248.11,270.53,297.61,328.77,397.56,450.47,497.75,540.1,573.77,589.68,612.15,640.35,770.29,827.2,859.42,870.02,821.14,816.1,812.9,811.29,818.55,839.74,856.78,870.2,851.24,834.51,816.27,796.7,764.04,741.35,715.71,687.48,637.64,604.49,570.59,536.06,485.45,451.41,418.44,386.42,336.13,297.54,259.29,221.34,165.61,111.13,73.04,49.29,29.81,29.81,5.85,5.85,0.0,0.0,0.0,0.0,0.0,0.0,0.0,0.0,0.0,0.0,0.0,0.0,0.0,0.0,0.0,0.0
2020-06-10,0.0,0.0,0.0,0.0,0.0,0.0,0.0,0.0,0.0,0.0,0.0,0.0,0.0,0.0,0.0,0.0,3.44,3.44,7.86,16.15,26.65,37.1,54.15,76.99,109.08,133.35,165.34,204.07,265.11,309.17,358.68,412.96,481.45,476.27,442.06,382.45,255.08,260.1,257.61,248.55,220.86,244.32,369.54,583.8,611.52,554.08,476.7,381.89,168.49,138.25,118.87,108.98,143.72,183.7,181.29,141.79,87.53,61.7,62.29,86.01,120.83,102.98,86.49,71.19,66.65,53.49,43.89,37.39,21.66,19.78,18.34,17.29,13.64,13.54,12.07,9.4,6.08,6.08,0.47,0.47,0.0,0.0,0.0,0.0,0.0,0.0,0.0,0.0,0.0,0.0,0.0,0.0,0.0,0.0,0.0,0.0
2020-06-11,0.0,0.0,0.0,0.0,0.0,0.0,0.0,0.0,0.0,0.0,0.0,0.0,0.0,0.0,0.0,0.0,18.85,18.85,62.66,62.66,118.77,130.47,133.41,128.69,131.12,171.62,214.1,258.32,331.29,400.88,469.53,537.36,597.09,631.64,662.34,689.68,711.0,707.52,719.7,745.59,687.14,381.63,186.44,87.77,696.47,790.79,767.0,639.87,623.19,284.45,178.66,276.71,710.5,683.68,498.23,173.97,56.67,50.94,158.27,364.54,68.47,223.45,350.33,452.63,170.61,82.05,34.65,23.27,51.77,90.73,118.86,137.5,11.34,6.3,24.29,62.42,31.99,31.99,7.24,7.24,0.0,0.0,0.0,0.0,0.0,0.0,0.0,0.0,0.0,0.0,0.0,0.0,0.0,0.0,0.0,0.0
2020-06-12,0.0,0.0,0.0,0.0,0.0,0.0,0.0,0.0,0.0,0.0,0.0,0.0,0.0,0.0,0.0,0.0,19.58,19.58,56.11,56.11,110.8,155.95,198.26,238.07,292.26,329.42,365.37,400.24,448.53,479.87,513.68,549.64,603.88,635.5,665.02,692.7,732.04,756.51,778.86,799.37,824.18,825.19,815.79,797.27,777.25,778.74,781.34,784.92,542.91,608.58,715.25,857.82,834.99,800.58,767.97,736.94,672.98,624.78,579.27,536.13,467.98,420.03,375.16,332.98,280.58,256.44,233.32,211.11,167.91,139.88,114.55,91.57,65.53,52.41,35.09,14.09,3.36,3.36,1.37,1.37,0.0,0.0,0.0,0.0,0.0,0.0,0.0,0.0,0.0,0.0,0.0,0.0,0.0,0.0,0.0,0.0
2020-06-13,0.0,0.0,0.0,0.0,0.0,0.0,0.0,0.0,0.0,0.0,0.0,0.0,0.0,0.0,0.0,0.0,22.09,22.09,79.33,92.31,135.27,169.56,203.87,238.19,292.26,329.63,365.99,401.46,454.73,490.25,524.35,557.2,605.23,635.89,662.9,686.7,720.98,750.12,775.07,796.34,814.52,834.48,849.49,860.15,854.62,870.94,878.98,879.77,842.08,817.24,775.81,719.86,622.35,614.51,434.27,103.17,104.25,297.84,475.52,639.27,614.74,584.36,490.52,341.16,110.61,180.59,218.78,229.18,289.48,215.06,147.53,86.05,94.8,88.26,79.58,69.04,40.05,40.05,4.5,4.5,0.0,0.0,0.0,0.0,0.0,0.0,0.0,0.0,0.0,0.0,0.0,0.0,0.0,0.0,0.0,0.0
2020-06-14,0.0,0.0,0.0,0.0,0.0,0.0,0.0,0.0,0.0,0.0,0.0,0.0,0.0,0.0,0.0,0.0,18.17,18.17,70.06,70.06,75.7,77.41,86.53,102.14,75.7,62.13,60.92,70.53,38.26,38.74,40.64,43.78,62.05,82.45,165.23,302.59,401.38,363.35,328.59,296.7,341.42,347.29,366.41,397.12,503.01,557.67,644.39,759.17,809.92,799.12,769.17,722.48,670.1,681.52,660.07,609.86,216.23,271.34,248.79,158.3,93.93,85.24,76.23,66.95,59.52,74.38,76.7,68.06,54.84,51.16,46.68,41.5,33.55,32.9,28.69,21.38,10.84,10.84,2.01,2.01,0.0,0.0,0.0,0.0,0.0,0.0,0.0,0.0,0.0,0.0,0.0,0.0,0.0,0.0,0.0,0.0
2020-06-15,0.0,0.0,0.0,0.0,0.0,0.0,0.0,0.0,0.0,0.0,0.0,0.0,0.0,0.0,0.0,0.0,22.75,22.75,68.18,68.18,125.86,157.15,189.5,222.77,274.3,309.13,343.11,376.36,419.94,458.45,494.06,527.13,553.37,562.08,564.59,561.66,594.19,687.4,741.72,762.0,762.02,797.31,821.79,836.81,831.7,851.62,862.62,865.81,856.92,841.32,839.85,850.75,830.43,813.5,779.63,730.94,739.53,729.16,710.37,684.21,635.81,605.49,548.69,468.7,432.6,436.19,420.29,387.35,330.89,293.74,258.33,224.46,169.95,137.55,107.48,79.45,44.13,44.13,7.45,7.45,0.0,0.0,0.0,0.0,0.0,0.0,0.0,0.0,0.0,0.0,0.0,0.0,0.0,0.0,0.0,0.0
2020-06-16,0.0,0.0,0.0,0.0,0.0,0.0,0.0,0.0,0.0,0.0,0.0,0.0,0.0,0.0,0.0,0.0,12.75,12.75,35.32,35.32,65.53,82.51,99.97,117.85,145.72,169.33,191.97,213.75,244.88,270.67,295.38,319.15,351.01,378.3,403.8,427.73,450.81,471.28,487.46,499.87,510.68,539.8,563.17,581.53,581.43,608.48,634.43,659.43,663.53,683.31,698.54,709.79,713.58,720.88,716.93,703.16,641.9,638.18,624.91,603.28,556.84,532.04,429.56,259.11,45.4,84.8,143.14,218.04,249.59,253.13,236.54,202.32,148.84,121.63,95.83,71.25,39.67,39.67,8.37,8.37,0.0,0.0,0.0,0.0,0.0,0.0,0.0,0.0,0.0,0.0,0.0,0.0,0.0,0.0,0.0,0.0
2020-06-17,0.0,0.0,0.0,0.0,0.0,0.0,0.0,0.0,0.0,0.0,0.0,0.0,0.0,0.0,0.0,0.0,21.81,21.81,73.82,86.7,127.55,159.04,193.32,230.06,288.08,324.84,360.18,394.29,442.46,476.08,506.6,534.39,558.1,588.58,611.87,628.86,638.24,659.67,675.95,687.74,640.78,682.42,703.92,707.79,220.07,98.07,37.32,30.18,251.82,523.82,659.1,674.75,123.24,65.88,42.07,47.61,248.46,388.17,338.8,124.0,55.06,90.85,158.07,252.8,85.61,50.66,26.49,11.75,20.72,17.83,15.97,14.99,14.91,9.72,6.84,6.84,4.6,4.6,0.71,0.71,0.0,0.0,0.0,0.0,0.0,0.0,0.0,0.0,0.0,0.0,0.0,0.0,0.0,0.0,0.0,0.0
2020-06-18,0.0,0.0,0.0,0.0,0.0,0.0,0.0,0.0,0.0,0.0,0.0,0.0,0.0,0.0,0.0,0.0,12.74,12.74,22.34,40.35,57.71,57.71,96.97,105.92,135.16,154.03,156.57,144.82,88.86,92.08,97.77,105.61,100.86,102.07,171.6,300.92,405.51,413.08,426.08,443.82,208.12,215.0,309.48,480.62,512.48,586.1,642.62,684.18,469.75,249.4,326.01,662.46,717.38,359.07,174.9,143.11,589.42,557.71,495.18,405.67,554.24,517.53,500.1,499.55,460.08,437.31,407.76,372.26,326.93,279.37,228.79,175.58,172.98,141.23,111.96,84.88,47.36,47.36,6.66,6.66,0.0,0.0,0.0,0.0,0.0,0.0,0.0,0.0,0.0,0.0,0.0,0.0,0.0,0.0,0.0,0.0
2020-06-19,0.0,0.0,0.0,0.0,0.0,0.0,0.0,0.0,0.0,0.0,0.0,0.0,0.0,0.0,0.0,0.0,26.12,26.12,85.05,98.23,142.45,177.29,211.88,246.26,298.86,335.11,358.08,369.44,400.46,453.2,506.42,560.06,587.47,619.03,652.6,687.92,729.9,758.48,782.25,801.81,806.54,654.9,528.06,422.91,561.4,633.68,598.03,467.96,596.5,743.65,799.21,774.63,771.05,388.58,287.81,433.53,748.09,712.0,577.81,357.76,282.83,494.88,575.28,540.5,150.7,84.72,165.57,374.89,331.68,288.69,243.03,195.04,171.31,136.15,84.14,17.38,16.15,16.15,8.51,8.51,0.0,0.0,0.0,0.0,0.0,0.0,0.0,0.0,0.0,0.0,0.0,0.0,0.0,0.0,0.0,0.0
2020-06-20,0.0,0.0,0.0,0.0,0.0,0.0,0.0,0.0,0.0,0.0,0.0,0.0,0.0,0.0,0.0,0.0,26.08,26.08,84.67,97.72,141.83,176.25,210.4,244.31,298.75,334.08,367.04,397.93,442.59,472.68,503.52,535.03,590.94,630.64,663.89,691.48,730.92,755.12,775.74,793.24,802.62,813.62,830.1,851.37,872.25,879.32,879.26,872.97,786.21,680.21,619.92,599.61,726.63,751.55,763.5,764.11,760.36,736.26,710.32,682.76,639.2,607.17,576.27,546.35,492.37,452.22,414.76,379.66,333.62,297.49,261.95,226.93,174.55,141.64,111.71,84.39,47.06,26.68,6.73,6.73,0.0,0.0,0.0,0.0,0.0,0.0,0.0,0.0,0.0,0.0,0.0,0.0,0.0,0.0,0.0,0.0
2020-06-21,0.0,0.0,0.0,0.0,0.0,0.0,0.0,0.0,0.0,0.0,0.0,0.0,0.0,0.0,0.0,0.0,26.65,26.65,75.99,85.8,103.28,119.08,141.16,168.73,216.26,222.95,223.91,219.87,283.2,331.93,349.49,339.76,320.75,373.61,402.37,410.05,493.95,542.96,635.63,766.49,825.23,839.6,851.87,862.3,871.32,878.96,881.57,879.77,875.4,806.4,600.32,274.28,465.02,662.44,661.44,486.81,87.36,476.11,662.17,670.88,200.56,105.02,164.3,359.05,295.74,146.0,85.09,101.91,290.03,271.66,183.23,33.49,7.7,15.13,14.28,6.19,4.46,4.46,4.96,4.96,0.0,0.0,0.0,0.0,0.0,0.0,0.0,0.0,0.0,0.0,0.0,0.0,0.0,0.0,0.0,0.0
2020-06-22,0.0,0.0,0.0,0.0,0.0,0.0,0.0,0.0,0.0,0.0,0.0,0.0,0.0,0.0,0.0,0.0,27.93,27.93,53.08,47.49,43.19,58.97,75.48,92.63,110.29,119.33,127.59,135.18,152.69,167.77,193.61,228.87,281.05,297.27,322.56,355.8,447.05,495.35,526.0,541.2,451.65,318.54,254.31,250.34,408.0,603.04,757.4,876.14,886.38,866.15,854.68,850.88,849.69,830.29,810.38,790.02,759.97,735.99,710.16,682.71,647.2,613.8,581.12,549.05,502.04,466.17,430.67,395.5,338.28,301.98,266.13,230.67,177.82,144.19,113.64,85.78,47.78,27.06,6.75,6.75,0.0,0.0,0.0,0.0,0.0,0.0,0.0,0.0,0.0,0.0,0.0,0.0,0.0,0.0,0.0,0.0
2020-06-23,0.0,0.0,0.0,0.0,0.0,0.0,0.0,0.0,0.0,0.0,0.0,0.0,0.0,0.0,0.0,0.0,27.23,27.23,86.63,99.88,144.26,179.16,213.94,248.61,302.93,340.3,376.71,412.26,465.84,501.46,535.61,568.47,616.59,647.42,676.37,703.68,741.48,764.38,785.42,804.81,830.95,845.86,858.71,869.75,881.06,885.19,887.37,887.85,882.63,876.17,867.58,857.14,835.55,823.77,808.58,790.4,757.78,733.08,708.24,683.29,641.99,611.91,581.28,550.16,498.94,462.75,426.91,391.38,336.12,298.4,261.8,226.19,173.33,141.11,111.45,84.04,46.65,26.26,6.39,6.39,0.0,0.0,0.0,0.0,0.0,0.0,0.0,0.0,0.0,0.0,0.0,0.0,0.0,0.0,0.0,0.0
2020-06-24,0.0,0.0,0.0,0.0,0.0,0.0,0.0,0.0,0.0,0.0,0.0,0.0,0.0,0.0,0.0,0.0,27.43,27.43,87.25,100.64,145.4,180.6,215.55,250.28,304.08,340.76,376.66,411.89,465.38,500.95,534.89,567.39,613.15,641.21,667.53,692.33,728.8,752.35,774.38,795.08,823.55,840.31,854.91,867.61,881.44,886.88,890.08,891.31,887.32,880.87,872.88,863.55,844.82,829.02,812.02,793.96,762.12,737.93,713.17,687.93,646.14,615.55,584.22,552.23,498.65,461.3,425.07,389.84,335.16,298.14,262.24,227.32,174.7,142.22,112.26,84.5,46.82,26.28,6.27,6.27,0.0,0.0,0.0,0.0,0.0,0.0,0.0,0.0,0.0,0.0,0.0,0.0,0.0,0.0,0.0,0.0
2020-06-25,0.0,0.0,0.0,0.0,0.0,0.0,0.0,0.0,0.0,0.0,0.0,0.0,0.0,0.0,0.0,0.0,28.29,28.29,87.89,101.07,144.71,179.51,214.16,248.69,302.68,339.65,375.62,410.7,463.5,498.48,531.97,564.15,611.13,641.36,669.84,696.79,734.52,757.29,778.13,797.29,822.76,836.96,849.17,859.64,870.85,875.36,877.99,878.98,874.1,868.16,860.48,851.28,832.27,815.97,799.1,781.72,749.95,722.24,696.91,673.66,626.31,598.35,568.02,535.63,484.97,446.99,409.4,372.13,298.02,253.8,209.68,165.65,120.59,102.66,83.55,63.41,36.15,36.15,7.47,7.47,0.0,0.0,0.0,0.0,0.0,0.0,0.0,0.0,0.0,0.0,0.0,0.0,0.0,0.0,0.0,0.0
2020-06-26,0.0,0.0,0.0,0.0,0.0,0.0,0.0,0.0,0.0,0.0,0.0,0.0,0.0,0.0,0.0,0.0,27.56,27.56,86.99,100.24,143.74,177.58,211.26,244.81,297.39,333.77,369.44,404.47,458.46,494.7,529.3,562.48,610.23,640.63,668.84,695.13,714.61,702.75,689.29,674.43,649.48,656.67,651.15,634.51,572.78,555.94,538.49,520.51,477.34,476.3,466.49,449.0,361.32,334.25,314.82,302.06,260.93,246.12,228.54,208.52,168.76,162.14,152.78,141.01,114.75,115.58,116.89,118.62,97.03,95.61,89.24,78.53,51.07,44.01,35.76,26.48,13.91,13.91,3.23,3.23,0.0,0.0,0.0,0.0,0.0,0.0,0.0,0.0,0.0,0.0,0.0,0.0,0.0,0.0,0.0,0.0
2020-06-27,0.0,0.0,0.0,0.0,0.0,0.0,0.0,0.0,0.0,0.0,0.0,0.0,0.0,0.0,0.0,0.0,24.25,24.25,78.52,96.36,123.81,166.87,204.95,238.68,194.27,140.07,121.35,133.68,220.82,259.54,267.08,247.32,366.15,362.68,362.2,364.35,707.87,729.62,716.2,672.02,764.74,636.48,674.75,858.74,796.78,857.27,885.13,884.46,877.67,870.58,861.69,851.24,825.97,802.14,786.55,778.19,585.36,651.75,544.39,284.99,613.7,501.67,475.38,524.11,453.95,422.31,371.92,305.14,295.23,266.4,180.84,45.63,83.18,65.98,53.57,45.36,6.39,6.39,0.5,0.5,0.0,0.0,0.0,0.0,0.0,0.0,0.0,0.0,0.0,0.0,0.0,0.0,0.0,0.0,0.0,0.0
2020-06-28,0.0,0.0,0.0,0.0,0.0,0.0,0.0,0.0,0.0,0.0,0.0,0.0,0.0,0.0,0.0,0.0,2.21,2.21,18.68,18.68,27.31,36.31,46.17,56.77,62.06,129.81,177.08,206.45,235.59,234.45,237.63,244.58,335.73,369.61,333.77,236.91,154.75,258.61,373.8,498.9,155.83,167.46,373.45,749.51,774.85,678.66,434.71,61.47,735.31,556.72,568.22,746.05,758.92,739.75,723.95,711.1,672.13,260.65,247.34,582.43,49.64,190.27,334.94,483.15,425.94,350.56,218.76,37.57,58.64,53.17,102.19,198.91,157.66,126.89,78.22,13.89,7.22,7.22,4.93,4.93,0.0,0.0,0.0,0.0,0.0,0.0,0.0,0.0,0.0,0.0,0.0,0.0,0.0,0.0,0.0,0.0
2020-06-29,0.0,0.0,0.0,0.0,0.0,0.0,0.0,0.0,0.0,0.0,0.0,0.0,0.0,0.0,0.0,1.87,4.18,4.29,4.46,5.89,8.83,13.39,22.94,151.43,207.22,244.01,228.62,210.03,198.2,170.14,177.89,202.75,227.04,312.84,543.72,172.52,170.9,198.43,270.26,397.84,181.1,169.1,211.11,292.82,860.71,547.38,228.53,229.05,309.04,861.4,655.54,172.58,179.41,238.35,785.07,234.27,644.52,646.25,509.5,658.01,358.93,279.83,241.73,102.44,119.14,153.84,81.73,109.92,188.04,288.22,253.16,212.62,173.69,28.63,58.36,11.18,12.81,4.62,0.81,0.81,0.0,0.0,0.0,0.0,0.0,0.0,0.0,0.0,0.0,0.0,0.0,0.0,0.0,0.0,0.0,0.0
2020-06-30,0.0,0.0,0.0,0.0,0.0,0.0,0.0,0.0,0.0,0.0,0.0,0.0,0.0,0.0,0.0,0.0,20.09,20.09,66.45,66.45,120.02,143.31,154.98,156.5,166.06,235.41,320.07,418.15,441.19,303.27,206.68,146.26,169.97,180.91,193.11,206.42,242.7,266.67,322.76,406.96,504.63,539.33,582.46,632.97,770.15,836.21,843.56,799.54,631.65,588.68,527.3,449.79,313.36,343.0,441.55,600.38,348.11,248.4,327.87,564.11,603.26,234.36,177.56,393.87,48.25,47.3,128.01,280.18,229.4,140.2,72.32,23.1,158.12,126.85,83.48,29.52,4.0,4.0,0.51,0.51,0.0,0.0,0.0,0.0,0.0,0.0,0.0,0.0,0.0,0.0,0.0,0.0,0.0,0.0,0.0,0.0
2020-07-01,0.0,0.0,0.0,0.0,0.0,0.0,0.0,0.0,0.0,0.0,0.0,0.0,0.0,0.0,0.0,0.0,16.9,16.9,52.94,52.94,107.03,136.94,171.28,209.5,250.41,272.37,280.31,276.0,213.63,133.25,102.45,115.05,173.29,176.83,165.42,140.92,77.8,95.47,99.15,90.59,349.35,431.73,457.38,433.4,699.78,491.03,469.69,612.33,188.12,216.53,176.42,76.36,786.83,765.78,706.63,614.14,409.98,583.04,630.59,568.33,431.63,434.69,441.1,450.45,451.79,419.89,323.26,169.98,279.95,250.92,217.95,181.56,155.39,127.93,101.13,74.91,39.28,39.28,3.55,3.55,0.0,0.0,0.0,0.0,0.0,0.0,0.0,0.0,0.0,0.0,0.0,0.0,0.0,0.0,0.0,0.0
2020-07-02,0.0,0.0,0.0,0.0,0.0,0.0,0.0,0.0,0.0,0.0,0.0,0.0,0.0,0.0,0.0,8.42,31.77,37.08,7.32,70.65,23.32,69.21,187.72,256.45,298.87,333.85,375.88,299.61,57.93,32.91,53.95,339.81,281.71,508.3,666.06,389.34,389.26,185.75,346.59,449.2,827.15,828.12,708.9,561.56,777.72,885.95,880.16,855.2,580.21,869.42,561.8,71.88,525.47,817.88,784.31,136.48,145.66,72.11,698.13,667.88,636.77,600.36,561.98,479.11,479.86,448.78,391.87,272.12,92.56,222.82,240.94,135.13,12.74,23.28,55.7,67.48,35.01,29.48,3.57,3.57,0.0,0.0,0.0,0.0,0.0,0.0,0.0,0.0,0.0,0.0,0.0,0.0,0.0,0.0,0.0,0.0
2020-07-03,0.0,0.0,0.0,0.0,0.0,0.0,0.0,0.0,0.0,0.0,0.0,0.0,0.0,0.0,0.0,0.0,26.29,26.29,81.71,91.12,110.91,111.4,108.63,103.01,75.98,85.41,96.21,108.2,129.62,146.48,168.65,195.47,308.34,406.13,486.64,552.01,628.01,695.39,737.07,756.26,430.73,366.04,331.3,322.74,562.4,664.38,615.72,435.25,648.33,793.65,813.37,723.19,85.59,561.07,784.29,786.78,756.0,722.58,687.35,650.54,105.59,278.82,282.53,137.93,135.13,337.45,413.68,379.59,314.06,269.2,226.26,184.97,135.69,65.19,27.84,19.48,33.56,33.56,3.03,3.03,0.0,0.0,0.0,0.0,0.0,0.0,0.0,0.0,0.0,0.0,0.0,0.0,0.0,0.0,0.0,0.0
2020-07-04,0.0,0.0,0.0,0.0,0.0,0.0,0.0,0.0,0.0,0.0,0.0,0.0,0.0,0.0,0.0,3.67,18.05,20.97,45.33,68.5,106.85,129.95,146.39,154.53,140.67,43.11,93.23,60.96,36.77,89.87,96.72,243.68,440.6,570.7,646.87,691.04,719.0,742.63,764.3,761.22,640.07,459.35,305.52,166.26,125.67,178.02,375.18,486.92,511.58,435.46,223.63,72.11,53.59,52.03,56.68,73.93,83.96,143.1,266.89,349.73,373.9,374.94,354.54,384.06,325.47,286.94,202.6,109.85,35.05,20.21,14.34,10.8,8.88,7.82,6.63,5.53,5.96,6.4,1.25,1.25,0.0,0.0,0.0,0.0,0.0,0.0,0.0,0.0,0.0,0.0,0.0,0.0,0.0,0.0,0.0,0.0
2020-07-05,0.0,0.0,0.0,0.0,0.0,0.0,0.0,0.0,0.0,0.0,0.0,0.0,0.0,0.0,0.0,3.56,12.75,12.75,45.83,57.62,69.42,110.11,136.76,136.68,122.2,75.74,82.37,100.27,109.36,118.5,133.02,149.47,165.19,179.48,197.68,212.31,226.1,260.25,297.53,323.38,374.86,419.6,433.98,472.01,535.62,575.59,613.52,592.06,544.87,547.38,619.09,638.56,480.84,328.75,200.05,191.71,291.68,173.11,137.07,99.27,88.39,160.08,548.54,506.67,463.88,203.11,95.27,37.63,35.38,30.91,225.2,189.32,135.66,78.27,44.21,61.72,30.91,25.66,2.27,2.27,0.0,0.0,0.0,0.0,0.0,0.0,0.0,0.0,0.0,0.0,0.0,0.0,0.0,0.0,0.0,0.0
2020-07-06,0.0,0.0,0.0,0.0,0.0,0.0,0.0,0.0,0.0,0.0,0.0,0.0,0.0,0.0,0.0,0.0,25.06,25.06,69.02,99.89,96.84,46.19,29.07,41.29,113.94,65.31,78.93,147.0,181.71,261.45,350.06,446.44,606.46,363.7,334.39,491.87,671.57,514.29,432.94,418.04,809.37,823.19,844.81,873.25,856.69,665.2,456.22,231.93,809.94,815.14,578.34,129.77,816.6,770.65,571.57,238.5,649.33,684.82,683.91,651.15,577.48,373.97,366.77,531.34,483.08,383.79,232.64,36.11,275.75,135.79,115.37,199.54,157.71,127.09,97.9,69.98,35.47,35.47,1.96,1.96,0.0,0.0,0.0,0.0,0.0,0.0,0.0,0.0,0.0,0.0,0.0,0.0,0.0,0.0,0.0,0.0
2020-07-07,0.0,0.0,0.0,0.0,0.0,0.0,0.0,0.0,0.0,0.0,0.0,0.0,0.0,0.0,0.0,0.0,24.59,24.59,84.17,97.54,143.3,178.49,213.56,248.51,302.24,340.2,376.86,412.39,465.87,501.28,535.17,567.75,615.0,645.09,673.24,699.68,734.18,644.08,572.07,515.89,763.65,816.04,829.99,810.32,880.58,840.76,838.34,868.63,886.69,879.87,873.44,867.34,846.09,827.69,807.33,785.25,751.73,715.08,689.7,674.16,628.71,592.77,556.22,519.12,477.74,441.6,406.0,370.86,316.35,277.69,241.45,207.33,155.39,123.76,93.83,65.41,17.01,17.01,1.49,1.49,0.0,0.0,0.0,0.0,0.0,0.0,0.0,0.0,0.0,0.0,0.0,0.0,0.0,0.0,0.0,0.0
2020-07-08,0.0,0.0,0.0,0.0,0.0,0.0,0.0,0.0,0.0,0.0,0.0,0.0,0.0,0.0,0.0,0.0,12.36,12.36,25.05,48.86,52.91,81.52,112.9,146.72,182.05,219.02,252.03,281.56,280.09,242.45,223.33,220.42,256.53,282.9,310.68,339.69,416.01,481.5,508.29,501.23,453.99,441.82,442.28,453.79,415.52,334.97,280.3,248.3,95.06,265.03,330.81,305.41,46.58,95.24,123.86,134.95,157.05,220.47,279.26,334.01,313.69,261.7,234.36,228.56,245.22,250.03,224.6,172.73,49.79,88.23,107.64,110.39,44.94,75.95,73.17,40.82,21.63,21.63,1.12,1.12,0.0,0.0,0.0,0.0,0.0,0.0,0.0,0.0,0.0,0.0,0.0,0.0,0.0,0.0,0.0,0.0
2020-07-09,0.0,0.0,0.0,0.0,0.0,0.0,0.0,0.0,0.0,0.0,0.0,0.0,0.0,0.0,0.0,0.0,5.85,5.85,14.55,30.87,56.61,84.35,112.11,139.89,142.4,132.5,126.23,123.15,140.22,156.97,179.55,207.21,271.1,321.17,367.95,411.85,494.64,569.68,649.15,732.5,813.98,828.58,841.02,851.57,862.74,866.9,869.18,869.81,865.97,859.59,851.49,841.86,821.98,805.31,787.58,768.93,731.98,709.19,684.61,658.46,611.34,580.68,530.59,463.49,343.62,326.44,213.17,15.82,285.84,257.98,227.38,194.38,147.48,116.48,86.73,58.07,30.25,30.25,0.88,0.88,0.0,0.0,0.0,0.0,0.0,0.0,0.0,0.0,0.0,0.0,0.0,0.0,0.0,0.0,0.0,0.0
2020-07-10,0.0,0.0,0.0,0.0,0.0,0.0,0.0,0.0,0.0,0.0,0.0,0.0,0.0,0.0,0.0,0.0,19.86,19.86,67.02,67.02,120.05,139.87,156.91,171.52,189.81,197.88,203.21,206.13,188.58,197.69,197.25,188.47,112.29,80.03,89.37,135.11,189.67,133.77,330.41,748.03,400.8,316.44,240.79,172.75,77.23,153.59,190.79,193.73,303.94,131.06,250.37,625.33,826.67,783.94,657.48,457.74,739.62,347.23,338.29,664.88,627.58,595.34,563.07,530.77,478.6,441.26,404.41,367.99,318.61,281.27,245.17,210.17,156.5,124.48,95.12,68.07,32.34,32.34,0.71,0.71,0.0,0.0,0.0,0.0,0.0,0.0,0.0,0.0,0.0,0.0,0.0,0.0,0.0,0.0,0.0,0.0
2020-07-11,0.0,0.0,0.0,0.0,0.0,0.0,0.0,0.0,0.0,0.0,0.0,0.0,0.0,0.0,0.0,5.19,26.78,31.66,62.36,94.06,119.49,171.15,212.21,256.82,300.56,342.59,383.66,425.13,465.59,505.11,543.61,580.74,616.27,650.58,682.95,713.55,741.88,767.5,791.12,813.64,831.78,848.62,856.62,871.73,870.48,878.06,874.14,882.37,867.64,871.51,852.9,844.66,825.86,817.55,781.54,755.57,522.98,445.09,534.7,648.34,613.18,587.54,543.48,487.53,426.58,263.57,127.57,261.83,299.79,269.95,103.72,12.31,8.95,18.19,65.6,53.62,24.43,19.42,0.45,0.45,0.0,0.0,0.0,0.0,0.0,0.0,0.0,0.0,0.0,0.0,0.0,0.0,0.0,0.0,0.0,0.0
2020-07-12,0.0,0.0,0.0,0.0,0.0,0.0,0.0,0.0,0.0,0.0,0.0,0.0,0.0,0.0,0.0,0.0,7.06,7.06,28.58,33.32,47.65,65.65,92.69,127.66,209.97,275.01,341.91,410.44,464.82,501.2,535.97,569.33,617.68,648.87,678.1,705.61,744.15,767.46,788.76,808.29,835.33,849.83,862.32,873.06,884.23,888.48,891.01,892.03,887.89,880.98,872.59,862.92,842.67,825.49,806.91,787.1,753.02,726.81,699.83,672.19,627.7,595.6,563.49,531.38,479.47,442.46,405.84,369.56,313.63,275.85,239.31,203.84,151.23,119.61,90.58,63.83,28.88,28.88,0.17,0.17,0.0,0.0,0.0,0.0,0.0,0.0,0.0,0.0,0.0,0.0,0.0,0.0,0.0,0.0,0.0,0.0
2020-07-13,0.0,0.0,0.0,0.0,0.0,0.0,0.0,0.0,0.0,0.0,0.0,0.0,0.0,0.0,0.0,0.0,19.46,19.46,75.0,87.95,130.86,165.08,198.03,229.88,284.71,328.7,368.57,404.83,453.0,488.1,520.64,550.95,562.25,574.69,595.98,625.03,687.97,726.04,762.85,798.54,826.03,839.43,850.78,860.33,869.11,870.56,871.51,872.01,864.66,856.03,846.11,835.08,812.89,791.41,766.42,738.35,691.0,660.7,631.55,603.42,559.76,534.88,514.73,498.71,464.75,428.94,394.27,360.6,308.32,270.3,232.87,195.96,140.07,109.2,81.51,56.61,25.74,25.74,0.0,0.0,0.0,0.0,0.0,0.0,0.0,0.0,0.0,0.0,0.0,0.0,0.0,0.0,0.0,0.0,0.0,0.0
2020-07-14,0.0,0.0,0.0,0.0,0.0,0.0,0.0,0.0,0.0,0.0,0.0,0.0,0.0,0.0,0.0,0.0,14.09,14.09,41.19,41.19,81.24,102.38,125.08,149.16,192.76,222.57,250.76,277.56,319.35,347.41,373.35,397.44,430.01,442.77,433.01,403.56,466.71,567.71,649.16,713.51,790.21,801.26,815.48,832.47,775.73,753.95,748.18,756.43,813.6,793.0,781.61,778.26,748.84,699.55,639.15,569.03,232.44,142.94,92.88,77.33,235.94,270.95,253.95,191.44,183.84,169.62,150.23,126.32,116.29,114.98,77.2,7.52,5.65,4.74,5.06,6.47,2.08,2.08,0.0,0.0,0.0,0.0,0.0,0.0,0.0,0.0,0.0,0.0,0.0,0.0,0.0,0.0,0.0,0.0,0.0,0.0
2020-07-15,0.0,0.0,0.0,0.0,0.0,0.0,0.0,0.0,0.0,0.0,0.0,0.0,0.0,0.0,0.0,0.0,15.41,15.41,37.74,79.59,124.3,162.35,193.9,219.77,136.61,97.54,105.82,155.53,200.02,240.11,286.53,338.49,479.66,573.24,643.11,692.24,724.09,746.93,769.31,791.28,821.14,835.62,848.11,858.84,868.86,871.77,872.99,872.75,869.11,862.8,854.63,844.84,824.08,806.33,788.31,770.08,735.7,706.81,675.01,640.64,580.4,545.26,512.65,482.24,428.91,397.15,366.03,335.47,284.99,108.22,20.08,9.5,12.85,67.56,79.56,54.17,22.41,22.41,0.0,0.0,0.0,0.0,0.0,0.0,0.0,0.0,0.0,0.0,0.0,0.0,0.0,0.0,0.0,0.0,0.0,0.0
2020-07-16,0.0,0.0,0.0,0.0,0.0,0.0,0.0,0.0,0.0,0.0,0.0,0.0,0.0,0.0,0.0,0.0,8.14,8.14,24.11,54.05,74.7,74.7,100.56,102.07,123.29,141.59,136.41,110.68,103.56,130.3,163.13,201.31,246.89,233.42,211.32,181.67,136.3,118.49,115.62,125.85,129.5,88.68,71.28,74.38,98.62,238.97,236.08,107.83,102.15,266.2,364.45,405.14,136.35,164.02,300.01,530.78,221.3,123.75,231.52,518.94,506.65,509.68,500.03,479.29,24.88,99.82,208.31,346.17,291.79,224.73,135.11,25.74,63.82,82.32,77.16,51.28,19.97,19.97,0.0,0.0,0.0,0.0,0.0,0.0,0.0,0.0,0.0,0.0,0.0,0.0,0.0,0.0,0.0,0.0,0.0,0.0
2020-07-17,0.0,0.0,0.0,0.0,0.0,0.0,0.0,0.0,0.0,0.0,0.0,0.0,0.0,0.0,0.0,0.0,1.78,1.78,5.33,11.98,20.21,28.58,39.16,51.68,83.36,111.95,137.47,160.3,193.77,206.84,218.46,228.82,260.52,293.98,332.59,375.72,447.76,500.95,553.44,605.33,683.15,745.96,797.89,840.31,851.32,843.46,800.06,725.56,645.71,640.01,643.35,654.61,677.51,688.45,707.94,734.91,717.53,695.55,671.18,644.72,600.97,568.66,536.56,504.63,453.34,417.32,381.64,346.26,291.73,254.77,218.96,184.18,134.62,104.95,77.53,52.09,20.2,20.2,0.0,0.0,0.0,0.0,0.0,0.0,0.0,0.0,0.0,0.0,0.0,0.0,0.0,0.0,0.0,0.0,0.0,0.0
2020-07-18,0.0,0.0,0.0,0.0,0.0,0.0,0.0,0.0,0.0,0.0,0.0,0.0,0.0,0.0,0.0,0.0,13.82,13.82,35.65,76.58,120.88,156.2,191.48,226.73,281.12,318.46,354.76,390.15,431.12,471.31,504.84,532.53,589.87,623.44,650.8,672.72,717.48,739.36,757.03,771.03,187.78,170.65,293.91,540.03,829.38,851.55,862.13,862.57,857.19,849.76,823.14,779.74,714.71,727.13,740.23,753.93,723.02,700.26,674.89,647.22,597.17,554.61,523.69,502.97,450.78,408.58,364.79,319.6,268.79,235.97,200.81,163.63,117.82,92.19,68.46,46.39,19.4,19.4,0.0,0.0,0.0,0.0,0.0,0.0,0.0,0.0,0.0,0.0,0.0,0.0,0.0,0.0,0.0,0.0,0.0,0.0
2020-07-19,0.0,0.0,0.0,0.0,0.0,0.0,0.0,0.0,0.0,0.0,0.0,0.0,0.0,0.0,0.0,0.0,13.11,13.11,28.48,57.29,79.12,101.26,131.84,169.81,260.72,311.0,354.45,391.94,445.46,479.53,506.76,528.0,534.21,547.27,561.85,577.78,599.9,618.04,634.48,649.46,676.6,702.69,727.56,751.36,784.57,804.12,820.87,835.16,849.17,852.23,850.99,846.01,826.28,808.95,790.54,771.18,736.87,710.92,684.34,657.19,612.76,580.56,548.16,515.59,464.29,428.01,391.85,355.81,299.18,260.59,223.7,188.32,136.15,105.3,76.9,50.62,17.9,17.9,0.0,0.0,0.0,0.0,0.0,0.0,0.0,0.0,0.0,0.0,0.0,0.0,0.0,0.0,0.0,0.0,0.0,0.0
2020-07-20,0.0,0.0,0.0,0.0,0.0,0.0,0.0,0.0,0.0,0.0,0.0,0.0,0.0,0.0,0.0,0.0,0.71,0.71,31.46,46.73,64.25,26.36,30.36,58.02,48.72,42.13,72.53,115.92,183.08,271.93,358.74,371.66,319.88,232.21,203.9,188.81,273.27,403.73,522.89,669.35,809.24,816.58,822.16,757.13,733.43,840.01,868.78,868.97,866.0,847.73,784.1,821.67,821.61,795.7,778.03,762.43,736.9,709.65,678.19,647.51,608.48,575.84,541.02,501.49,461.58,421.9,379.76,338.3,296.39,254.16,212.43,172.18,133.6,99.97,68.59,40.44,24.68,8.93,0.0,0.0,0.0,0.0,0.0,0.0,0.0,0.0,0.0,0.0,0.0,0.0,0.0,0.0,0.0,0.0,0.0,0.0
2020-07-21,0.0,0.0,0.0,0.0,0.0,0.0,0.0,0.0,0.0,0.0,0.0,0.0,0.0,0.0,0.0,0.0,10.95,10.95,34.53,78.73,122.25,156.96,189.36,219.75,261.66,283.04,319.52,369.21,434.0,474.08,514.95,556.5,606.66,629.08,639.03,638.05,691.3,745.0,780.83,801.02,823.5,837.52,846.9,852.24,872.5,879.19,881.81,880.85,879.45,874.81,867.31,857.3,833.93,814.36,794.53,774.47,742.19,717.27,691.25,664.28,619.31,584.2,550.15,517.04,464.21,424.99,367.78,294.84,124.71,108.18,111.54,132.3,60.95,54.49,39.05,15.74,4.74,4.74,0.0,0.0,0.0,0.0,0.0,0.0,0.0,0.0,0.0,0.0,0.0,0.0,0.0,0.0,0.0,0.0,0.0,0.0
2020-07-22,0.0,0.0,0.0,0.0,0.0,0.0,0.0,0.0,0.0,0.0,0.0,0.0,0.0,0.0,0.0,0.0,9.82,9.82,32.86,76.07,119.11,153.61,188.35,223.3,278.34,316.29,353.21,389.25,443.0,479.13,513.58,546.55,594.66,619.5,645.38,672.18,719.76,742.93,764.26,783.99,806.38,814.38,819.56,822.27,816.36,804.99,790.19,772.37,751.65,741.16,730.22,718.88,703.69,694.54,686.47,679.36,669.23,660.25,648.2,633.46,597.77,565.93,533.56,500.72,448.06,411.08,374.69,338.82,283.76,246.43,210.33,175.32,125.38,95.72,68.49,43.37,13.38,13.38,0.0,0.0,0.0,0.0,0.0,0.0,0.0,0.0,0.0,0.0,0.0,0.0,0.0,0.0,0.0,0.0,0.0,0.0
2020-07-23,0.0,0.0,0.0,0.0,0.0,0.0,0.0,0.0,0.0,0.0,0.0,0.0,0.0,0.0,0.0,0.0,8.58,8.58,31.17,73.53,116.35,150.31,184.79,219.72,274.53,312.19,348.86,384.67,438.66,474.48,508.77,541.74,589.77,620.55,649.42,676.62,714.59,737.65,758.73,778.07,803.38,817.42,829.42,839.65,850.26,853.97,855.75,855.84,850.82,843.94,835.44,825.5,805.34,788.43,770.41,751.41,718.08,692.55,666.21,639.16,593.82,560.68,527.48,494.22,441.97,405.08,367.89,330.44,268.22,226.34,186.97,149.77,100.81,72.07,48.35,29.03,10.08,10.08,0.0,0.0,0.0,0.0,0.0,0.0,0.0,0.0,0.0,0.0,0.0,0.0,0.0,0.0,0.0,0.0,0.0,0.0
2020-07-24,0.0,0.0,0.0,0.0,0.0,0.0,0.0,0.0,0.0,0.0,0.0,0.0,0.0,0.0,0.0,0.0,5.58,5.58,15.69,34.65,63.36,96.83,136.74,182.28,215.97,249.81,300.89,367.04,417.68,427.53,419.18,394.91,351.74,416.74,513.16,637.08,705.22,727.46,748.45,768.35,791.09,805.37,816.6,825.19,749.16,742.5,776.32,845.55,816.29,819.44,818.1,812.85,779.6,684.71,455.41,108.52,503.33,571.04,558.98,477.14,136.25,165.22,152.39,102.97,240.78,331.44,351.73,310.45,16.99,108.53,155.98,164.85,111.41,37.61,9.7,21.95,10.1,10.1,0.0,0.0,0.0,0.0,0.0,0.0,0.0,0.0,0.0,0.0,0.0,0.0,0.0,0.0,0.0,0.0,0.0,0.0
2020-07-25,0.0,0.0,0.0,0.0,0.0,0.0,0.0,0.0,0.0,0.0,0.0,0.0,0.0,0.0,0.0,0.0,6.13,6.13,27.52,67.63,109.47,141.44,174.69,209.06,262.53,274.44,274.39,263.88,304.77,405.49,466.39,492.45,540.8,584.79,620.53,649.05,600.19,607.08,640.92,698.31,536.48,437.32,402.43,423.78,787.69,805.46,820.21,832.3,735.52,638.43,397.96,32.02,571.12,229.23,238.46,554.91,700.88,672.74,584.66,444.13,65.92,74.32,142.32,262.45,36.65,132.4,159.14,125.5,16.51,16.36,31.42,59.79,25.25,28.15,26.5,26.5,4.4,1.4,0.0,0.0,0.0,0.0,0.0,0.0,0.0,0.0,0.0,0.0,0.0,0.0,0.0,0.0,0.0,0.0,0.0,0.0
2020-07-26,0.0,0.0,0.0,0.0,0.0,0.0,0.0,0.0,0.0,0.0,0.0,0.0,0.0,0.0,0.0,0.0,0.0,0.0,47.2,68.64,97.9,107.31,113.98,108.94,96.51,96.44,170.91,99.88,99.47,112.74,128.38,143.96,161.89,189.83,176.65,217.14,250.7,330.57,257.92,245.36,338.05,368.47,285.29,509.71,825.38,855.49,774.06,807.9,831.06,209.5,193.42,807.98,808.0,780.75,691.13,471.54,715.82,676.55,72.74,130.69,590.69,556.49,505.3,471.69,305.65,385.88,357.05,314.9,274.33,231.51,191.56,151.51,116.43,83.12,53.29,27.52,15.08,2.64,0.0,0.0,0.0,0.0,0.0,0.0,0.0,0.0,0.0,0.0,0.0,0.0,0.0,0.0,0.0,0.0,0.0,0.0
2020-07-27,0.0,0.0,0.0,0.0,0.0,0.0,0.0,0.0,0.0,0.0,0.0,0.0,0.0,0.0,0.0,0.0,0.0,0.0,20.05,32.24,54.82,74.55,95.71,122.43,153.7,192.36,240.81,292.41,346.04,398.71,449.29,497.03,541.47,580.54,615.87,646.73,673.53,700.01,726.32,751.83,778.57,799.94,816.32,828.75,836.21,841.81,843.66,841.69,838.05,830.59,821.48,808.19,791.78,774.71,753.45,730.01,704.81,676.27,646.27,613.98,579.96,544.03,506.02,467.79,429.0,389.31,348.66,307.08,265.52,224.72,184.45,147.0,112.93,80.65,51.13,25.64,13.79,1.94,0.0,0.0,0.0,0.0,0.0,0.0,0.0,0.0,0.0,0.0,0.0,0.0,0.0,0.0,0.0,0.0,0.0,0.0
2020-07-28,0.0,0.0,0.0,0.0,0.0,0.0,0.0,0.0,0.0,0.0,0.0,0.0,0.0,0.0,0.0,0.0,0.0,0.0,43.02,43.02,43.02,138.44,170.33,170.33,214.47,214.47,243.36,243.36,233.69,233.69,353.63,353.63,148.94,148.94,186.91,186.91,161.42,161.42,625.11,625.11,194.44,194.44,827.71,827.71,850.44,850.44,244.67,244.67,808.04,808.04,803.06,803.06,473.47,473.47,139.55,139.55,703.86,703.86,650.52,650.52,579.63,579.63,285.28,285.28,434.5,434.5,338.62,338.62,271.14,271.14,92.75,92.75,113.23,113.23,50.48,50.48,5.5,5.5,0.0,0.0,0.0,0.0,0.0,0.0,0.0,0.0,0.0,0.0,0.0,0.0,0.0,0.0,0.0,0.0,0.0,0.0
2020-07-29,0.0,0.0,0.0,0.0,0.0,0.0,0.0,0.0,0.0,0.0,0.0,0.0,0.0,0.0,0.0,0.0,0.0,0.0,41.78,63.96,103.64,139.1,178.81,219.58,257.38,250.0,242.14,226.67,249.67,305.32,351.65,385.63,423.46,451.1,428.3,353.9,315.36,372.63,494.72,595.03,708.67,799.48,828.25,832.77,779.29,794.27,850.78,849.94,846.73,839.44,829.41,816.59,800.89,782.35,760.95,737.04,710.63,682.19,651.53,618.82,584.16,548.01,510.74,471.92,432.09,391.56,350.81,309.52,268.01,226.45,185.46,145.53,110.24,77.5,47.64,22.37,11.62,0.87,0.0,0.0,0.0,0.0,0.0,0.0,0.0,0.0,0.0,0.0,0.0,0.0,0.0,0.0,0.0,0.0,0.0,0.0
2020-07-30,0.0,0.0,0.0,0.0,0.0,0.0,0.0,0.0,0.0,0.0,0.0,0.0,0.0,0.0,0.0,0.0,1.76,1.76,18.82,50.83,90.09,126.03,161.74,197.26,252.06,289.4,325.77,361.29,415.64,451.45,485.79,518.85,567.25,598.26,627.4,654.91,693.57,717.13,738.63,758.31,783.92,798.13,810.3,820.68,831.7,835.79,837.97,838.49,833.96,827.17,818.68,808.69,788.23,770.97,752.53,733.06,698.86,672.77,645.96,618.54,573.1,540.08,506.95,473.73,420.8,383.76,347.3,311.36,256.12,218.88,183.43,149.53,104.0,75.57,50.01,26.95,3.62,1.15,0.0,0.0,0.0,0.0,0.0,0.0,0.0,0.0,0.0,0.0,0.0,0.0,0.0,0.0,0.0,0.0,0.0,0.0
2020-07-31,0.0,0.0,0.0,0.0,0.0,0.0,0.0,0.0,0.0,0.0,0.0,0.0,0.0,0.0,0.0,0.0,1.18,1.18,19.81,54.74,96.08,127.18,160.14,194.73,249.61,287.45,324.39,360.53,415.17,451.55,486.52,520.25,569.61,600.88,630.08,657.49,696.12,719.93,741.56,761.31,787.3,802.19,815.2,826.57,838.6,842.19,843.96,844.14,841.15,835.45,827.24,816.82,794.47,776.39,757.45,737.76,703.68,677.77,651.07,623.66,578.02,544.95,511.78,478.53,425.41,388.13,351.39,315.13,259.29,221.31,182.71,143.56,94.69,67.83,44.86,25.31,4.51,1.44,0.0,0.0,0.0,0.0,0.0,0.0,0.0,0.0,0.0,0.0,0.0,0.0,0.0,0.0,0.0,0.0,0.0,0.0
2020-08-01,0.0,0.0,0.0,0.0,0.0,0.0,0.0,0.0,0.0,0.0,0.0,0.0,0.0,0.0,0.0,0.0,0.79,0.79,13.8,38.18,76.46,107.06,138.46,170.55,229.49,268.94,307.04,343.97,398.38,433.34,466.89,499.2,549.82,580.75,610.19,638.31,677.56,701.2,722.83,742.72,769.02,783.58,796.11,806.87,818.27,822.41,824.38,824.45,798.11,803.49,799.89,788.42,739.61,734.2,719.71,697.29,649.21,617.15,589.64,566.13,477.84,473.9,457.01,428.78,349.55,344.14,314.0,262.2,41.73,126.37,157.42,141.56,65.79,55.13,39.21,18.68,1.77,0.56,0.0,0.0,0.0,0.0,0.0,0.0,0.0,0.0,0.0,0.0,0.0,0.0,0.0,0.0,0.0,0.0,0.0,0.0
2020-08-02,0.0,0.0,0.0,0.0,0.0,0.0,0.0,0.0,0.0,0.0,0.0,0.0,0.0,0.0,0.0,0.0,0.19,0.19,9.59,27.22,49.02,68.88,90.86,114.7,161.39,200.81,227.84,244.03,254.31,237.25,225.28,217.76,236.19,260.09,290.77,327.4,415.65,492.33,569.3,646.54,761.46,787.22,805.89,818.33,814.42,831.17,839.68,840.96,834.55,824.74,815.05,805.48,789.33,772.22,753.03,732.02,691.03,656.52,630.74,612.59,572.05,538.31,504.79,471.46,367.59,356.14,335.81,307.7,252.49,212.22,175.87,142.93,95.81,67.71,43.07,21.46,1.37,0.43,0.0,0.0,0.0,0.0,0.0,0.0,0.0,0.0,0.0,0.0,0.0,0.0,0.0,0.0,0.0,0.0,0.0,0.0
2020-08-03,0.0,0.0,0.0,0.0,0.0,0.0,0.0,0.0,0.0,0.0,0.0,0.0,0.0,0.0,0.0,0.0,0.0,0.0,0.0,0.0,57.7,79.18,102.14,126.39,170.99,203.99,237.08,270.24,319.19,351.43,381.65,410.11,450.2,477.76,501.24,521.15,537.58,555.15,573.77,593.3,606.98,629.43,645.14,654.96,651.24,660.63,653.3,631.35,564.4,589.59,598.03,591.83,526.64,493.58,466.8,445.51,415.83,410.48,399.39,383.29,352.42,341.72,332.02,323.2,297.79,259.3,200.78,124.74,38.36,40.08,53.86,78.19,63.55,48.36,33.4,18.65,0.83,0.26,0.0,0.0,0.0,0.0,0.0,0.0,0.0,0.0,0.0,0.0,0.0,0.0,0.0,0.0,0.0,0.0,0.0,0.0
2020-08-04,0.0,0.0,0.0,0.0,0.0,0.0,0.0,0.0,0.0,0.0,0.0,0.0,0.0,0.0,0.0,0.0,0.0,0.0,0.0,0.0,53.4,62.83,74.52,88.18,143.96,196.66,249.13,301.42,394.09,439.8,479.31,513.41,563.51,595.7,626.0,654.67,694.84,719.33,741.58,761.86,787.91,802.28,814.72,825.45,837.12,841.47,843.88,844.58,840.35,833.69,825.55,816.12,796.42,779.34,760.82,741.05,706.04,679.24,651.74,623.63,577.2,543.61,509.97,476.27,422.49,384.73,347.56,310.91,254.52,216.33,179.47,143.77,95.97,67.0,41.4,18.76,0.47,0.15,0.0,0.0,0.0,0.0,0.0,0.0,0.0,0.0,0.0,0.0,0.0,0.0,0.0,0.0,0.0,0.0,0.0,0.0
2020-08-05,0.0,0.0,0.0,0.0,0.0,0.0,0.0,0.0,0.0,0.0,0.0,0.0,0.0,0.0,0.0,0.0,0.0,0.0,0.0,0.0,82.66,113.42,146.16,180.61,235.81,273.95,311.19,347.64,402.85,439.52,474.64,508.39,557.62,589.16,618.81,646.8,686.02,710.0,731.92,752.03,778.19,792.69,805.2,815.99,827.75,832.11,834.28,834.54,828.91,821.5,812.58,802.33,781.58,764.2,745.62,726.0,691.4,664.91,637.66,609.75,563.5,529.95,496.31,462.59,408.93,371.43,334.53,298.16,242.28,204.63,169.17,135.63,89.99,61.96,37.42,15.95,0.0,0.0,0.0,0.0,0.0,0.0,0.0,0.0,0.0,0.0,0.0,0.0,0.0,0.0,0.0,0.0,0.0,0.0,0.0,0.0
2020-08-06,0.0,0.0,0.0,0.0,0.0,0.0,0.0,0.0,0.0,0.0,0.0,0.0,0.0,0.0,0.0,0.0,0.0,0.0,0.0,0.0,78.58,109.06,141.06,174.39,229.25,267.13,304.09,340.23,394.85,431.14,465.92,499.38,548.23,579.63,609.16,637.06,676.09,699.95,721.77,741.83,767.82,782.04,794.14,804.38,815.0,818.72,820.54,820.71,815.81,808.74,799.95,789.64,768.73,751.25,732.64,713.04,678.88,652.96,626.31,599.01,553.35,519.94,486.39,452.71,399.09,361.66,324.96,288.91,233.76,196.67,162.37,130.51,85.66,58.28,34.49,13.84,0.0,0.0,0.0,0.0,0.0,0.0,0.0,0.0,0.0,0.0,0.0,0.0,0.0,0.0,0.0,0.0,0.0,0.0,0.0,0.0
2020-08-07,0.0,0.0,0.0,0.0,0.0,0.0,0.0,0.0,0.0,0.0,0.0,0.0,0.0,0.0,0.0,0.0,0.0,0.0,0.0,0.0,74.55,104.64,135.79,167.88,222.35,260.06,296.89,332.95,387.45,423.7,458.44,491.87,540.75,572.07,601.52,629.35,668.44,692.51,714.5,734.67,760.97,775.52,788.01,798.7,809.92,813.64,815.3,815.16,809.91,802.84,794.1,783.89,763.13,745.49,726.6,706.62,671.68,645.02,618.07,590.87,546.49,514.04,481.31,448.33,395.33,358.28,321.78,285.76,230.75,193.84,159.89,128.55,83.83,56.48,32.83,12.39,0.0,0.0,0.0,0.0,0.0,0.0,0.0,0.0,0.0,0.0,0.0,0.0,0.0,0.0,0.0,0.0,0.0,0.0,0.0,0.0
2020-08-08,0.0,0.0,0.0,0.0,0.0,0.0,0.0,0.0,0.0,0.0,0.0,0.0,0.0,0.0,0.0,0.0,0.0,0.0,0.0,0.0,71.18,100.99,131.47,162.52,216.72,254.32,291.06,327.06,381.59,417.86,452.63,486.1,535.05,566.45,595.95,623.77,662.72,686.47,708.14,727.98,753.78,767.8,779.57,789.38,789.16,798.82,802.79,801.77,720.74,706.4,709.37,727.5,706.19,720.44,716.85,697.64,632.01,604.35,588.74,583.66,506.38,486.93,453.47,407.75,318.93,279.88,247.55,221.12,161.66,136.72,112.14,87.89,56.81,39.51,20.11,20.11,0.0,0.0,0.0,0.0,0.0,0.0,0.0,0.0,0.0,0.0,0.0,0.0,0.0,0.0,0.0,0.0,0.0,0.0,0.0,0.0
2020-08-09,0.0,0.0,0.0,0.0,0.0,0.0,0.0,0.0,0.0,0.0,0.0,0.0,0.0,0.0,0.0,0.0,0.0,0.0,0.0,0.0,67.12,96.58,126.57,157.02,210.63,247.99,284.51,320.29,374.5,410.55,445.11,478.36,526.97,558.24,587.7,615.58,654.62,678.36,700.05,719.93,734.83,756.7,769.72,774.99,719.15,749.66,766.12,770.29,726.85,685.35,670.74,679.64,612.19,598.3,590.77,588.81,496.39,449.07,413.69,388.78,325.4,295.0,262.29,227.56,175.41,153.06,134.3,118.68,92.13,78.35,65.26,52.79,35.95,25.57,13.69,13.69,0.0,0.0,0.0,0.0,0.0,0.0,0.0,0.0,0.0,0.0,0.0,0.0,0.0,0.0,0.0,0.0,0.0,0.0,0.0,0.0
2020-08-10,0.0,0.0,0.0,0.0,0.0,0.0,0.0,0.0,0.0,0.0,0.0,0.0,0.0,0.0,0.0,0.0,0.0,0.0,0.0,0.0,44.63,63.99,84.46,105.89,148.27,192.14,235.23,277.65,311.38,326.1,336.88,344.22,345.2,363.14,382.01,401.69,381.94,364.65,357.18,358.31,345.15,373.65,395.97,412.9,419.15,422.64,418.84,408.66,355.32,342.1,324.52,303.13,248.93,228.89,218.02,215.18,201.33,208.9,212.31,212.06,205.47,200.43,191.53,179.26,158.85,145.82,131.56,116.24,93.18,79.19,65.83,53.01,35.98,25.81,13.74,13.74,0.0,0.0,0.0,0.0,0.0,0.0,0.0,0.0,0.0,0.0,0.0,0.0,0.0,0.0,0.0,0.0,0.0,0.0,0.0,0.0
2020-08-11,0.0,0.0,0.0,0.0,0.0,0.0,0.0,0.0,0.0,0.0,0.0,0.0,0.0,0.0,0.0,0.0,0.0,0.0,0.0,0.0,59.62,88.4,117.84,147.86,199.97,237.13,273.48,309.11,363.12,399.07,433.57,466.8,515.51,546.88,576.38,604.23,636.85,646.18,670.99,709.35,701.47,668.93,653.74,653.72,610.52,594.44,587.29,587.96,542.28,525.62,521.33,527.87,498.23,485.51,476.95,472.03,435.08,410.28,385.38,360.4,302.85,267.66,237.15,210.74,182.88,165.05,149.77,136.73,111.31,94.9,79.02,63.61,40.73,27.69,13.27,13.27,0.0,0.0,0.0,0.0,0.0,0.0,0.0,0.0,0.0,0.0,0.0,0.0,0.0,0.0,0.0,0.0,0.0,0.0,0.0,0.0
2020-08-12,0.0,0.0,0.0,0.0,0.0,0.0,0.0,0.0,0.0,0.0,0.0,0.0,0.0,0.0,0.0,0.0,0.0,0.0,0.0,0.0,57.2,57.2,130.53,145.81,198.2,235.6,272.17,308.0,362.31,398.51,433.27,466.75,499.14,542.05,577.04,605.11,629.0,660.25,679.46,688.14,671.46,689.22,698.26,699.67,665.1,676.46,680.59,678.38,627.37,636.55,626.96,600.96,483.97,452.52,424.86,400.51,361.1,371.98,374.18,368.78,324.25,317.83,304.69,285.65,222.62,200.53,177.22,152.85,121.58,112.88,100.61,85.24,49.25,31.79,13.23,13.23,0.0,0.0,0.0,0.0,0.0,0.0,0.0,0.0,0.0,0.0,0.0,0.0,0.0,0.0,0.0,0.0,0.0,0.0,0.0,0.0
2020-08-13,0.0,0.0,0.0,0.0,0.0,0.0,0.0,0.0,0.0,0.0,0.0,0.0,0.0,0.0,0.0,0.0,0.0,0.0,0.0,0.0,46.35,46.35,110.79,124.06,161.19,184.28,209.67,237.06,291.6,331.47,369.41,405.68,451.32,492.77,535.31,578.82,624.27,630.34,621.38,599.29,530.15,474.92,425.08,379.96,349.68,371.39,406.37,452.96,534.36,606.66,679.13,751.75,739.9,724.39,705.69,684.2,606.96,611.54,598.46,569.94,462.44,458.84,433.83,390.07,310.42,294.43,259.19,207.11,156.16,131.81,110.16,90.86,56.72,36.76,15.6,15.6,0.0,0.0,0.0,0.0,0.0,0.0,0.0,0.0,0.0,0.0,0.0,0.0,0.0,0.0,0.0,0.0,0.0,0.0,0.0,0.0
2020-08-14,0.0,0.0,0.0,0.0,0.0,0.0,0.0,0.0,0.0,0.0,0.0,0.0,0.0,0.0,0.0,0.0,0.0,0.0,0.0,0.0,50.05,50.05,121.31,136.14,185.93,221.3,256.17,290.61,345.41,383.05,419.1,453.75,504.49,536.07,565.76,593.78,631.37,656.87,679.46,699.5,710.69,735.58,752.06,761.18,738.95,753.01,756.89,751.88,708.12,698.24,676.66,644.86,583.32,577.23,565.98,550.21,522.73,512.04,509.94,515.36,459.12,434.41,398.94,354.07,284.33,232.92,183.19,134.95,90.05,74.85,61.61,50.09,33.98,33.98,9.24,9.24,0.0,0.0,0.0,0.0,0.0,0.0,0.0,0.0,0.0,0.0,0.0,0.0,0.0,0.0,0.0,0.0,0.0,0.0,0.0,0.0
2020-08-15,0.0,0.0,0.0,0.0,0.0,0.0,0.0,0.0,0.0,0.0,0.0,0.0,0.0,0.0,0.0,0.0,0.0,0.0,0.0,0.0,46.47,46.47,111.62,124.41,159.88,177.07,200.78,230.18,282.55,329.76,378.69,429.13,469.33,521.12,561.09,590.73,622.92,651.98,676.47,696.97,712.76,734.52,750.72,762.06,766.19,775.18,779.73,780.38,758.85,763.44,760.38,750.62,708.53,705.87,694.19,674.6,606.65,603.62,587.89,561.04,501.6,470.08,442.2,417.5,349.86,312.91,281.16,253.97,178.74,145.57,116.74,91.73,52.36,32.59,12.28,12.28,0.0,0.0,0.0,0.0,0.0,0.0,0.0,0.0,0.0,0.0,0.0,0.0,0.0,0.0,0.0,0.0,0.0,0.0,0.0,0.0
2020-08-16,0.0,0.0,0.0,0.0,0.0,0.0,0.0,0.0,0.0,0.0,0.0,0.0,0.0,0.0,0.0,0.0,0.0,0.0,0.0,0.0,43.38,43.38,104.05,116.24,157.32,193.53,229.77,266.05,297.37,312.62,325.78,337.13,352.38,366.95,381.23,395.24,412.23,431.29,453.86,479.47,524.15,568.56,601.22,623.59,645.85,703.9,718.51,695.13,571.07,509.32,452.47,399.92,310.19,287.63,280.87,287.93,244.6,247.7,254.88,265.63,225.53,215.2,195.43,167.39,134.48,132.51,128.71,123.29,103.39,90.68,74.92,56.51,28.21,28.21,7.91,7.91,0.0,0.0,0.0,0.0,0.0,0.0,0.0,0.0,0.0,0.0,0.0,0.0,0.0,0.0,0.0,0.0,0.0,0.0,0.0,0.0
2020-08-17,0.0,0.0,0.0,0.0,0.0,0.0,0.0,0.0,0.0,0.0,0.0,0.0,0.0,0.0,0.0,0.0,0.0,0.0,0.0,0.0,19.12,19.12,45.71,52.55,78.02,91.9,105.44,118.69,158.45,187.42,225.14,270.5,326.95,365.32,389.32,400.77,459.08,484.73,502.78,514.2,530.48,575.78,608.57,630.42,622.19,665.95,705.27,740.7,739.26,758.19,764.25,759.05,739.28,723.07,703.86,682.04,612.03,539.6,527.84,569.16,511.43,486.34,453.07,412.62,343.04,291.85,263.42,254.89,193.29,161.03,100.86,16.28,3.95,14.54,7.4,7.4,0.0,0.0,0.0,0.0,0.0,0.0,0.0,0.0,0.0,0.0,0.0,0.0,0.0,0.0,0.0,0.0,0.0,0.0,0.0,0.0
2020-08-18,0.0,0.0,0.0,0.0,0.0,0.0,0.0,0.0,0.0,0.0,0.0,0.0,0.0,0.0,0.0,0.0,0.0,0.0,0.0,0.0,38.49,38.49,102.53,107.36,103.66,108.8,125.87,153.39,211.2,253.89,279.43,289.97,242.85,255.12,289.24,342.48,490.56,576.16,623.52,637.43,636.27,672.71,694.84,704.42,686.88,698.12,696.36,683.24,638.57,635.86,626.25,610.6,553.13,551.71,542.43,526.29,464.53,460.13,425.74,365.12,312.3,312.83,294.82,260.57,240.35,224.96,201.63,171.35,126.75,110.88,92.77,72.7,42.49,25.76,5.85,5.85,0.0,0.0,0.0,0.0,0.0,0.0,0.0,0.0,0.0,0.0,0.0,0.0,0.0,0.0,0.0,0.0,0.0,0.0,0.0,0.0
2020-08-19,0.0,0.0,0.0,0.0,0.0,0.0,0.0,0.0,0.0,0.0,0.0,0.0,0.0,0.0,0.0,0.0,0.0,0.0,0.0,0.0,31.84,31.84,81.51,91.31,122.81,147.59,174.42,203.05,252.58,291.5,331.17,371.49,431.87,466.87,494.06,514.43,524.09,537.3,549.02,559.44,583.43,625.56,667.24,708.53,730.04,748.33,759.06,763.17,747.39,751.26,748.45,739.8,714.01,705.01,689.41,668.03,635.1,607.54,577.62,545.62,498.28,460.76,426.95,396.39,134.76,190.76,196.38,157.93,110.72,83.25,58.38,35.79,10.49,10.49,1.01,0.0,0.0,0.0,0.0,0.0,0.0,0.0,0.0,0.0,0.0,0.0,0.0,0.0,0.0,0.0,0.0,0.0,0.0,0.0,0.0,0.0
2020-08-20,0.0,0.0,0.0,0.0,0.0,0.0,0.0,0.0,0.0,0.0,0.0,0.0,0.0,0.0,0.0,0.0,0.0,0.0,0.0,0.0,30.68,30.68,98.29,112.97,151.33,108.03,85.77,81.93,134.52,161.73,174.02,173.25,179.19,215.77,266.99,331.01,441.98,526.05,588.35,631.6,676.29,707.48,728.65,741.05,721.78,746.59,758.26,758.43,714.69,734.77,739.19,729.93,665.11,677.45,673.52,655.36,573.67,581.05,568.1,537.35,442.93,419.53,400.74,385.98,323.89,300.54,270.72,235.24,171.03,145.02,117.01,87.24,43.95,43.95,2.11,0.0,0.0,0.0,0.0,0.0,0.0,0.0,0.0,0.0,0.0,0.0,0.0,0.0,0.0,0.0,0.0,0.0,0.0,0.0,0.0,0.0
2020-08-21,0.0,0.0,0.0,0.0,0.0,0.0,0.0,0.0,0.0,0.0,0.0,0.0,0.0,0.0,0.0,0.0,0.0,0.0,0.0,0.0,8.63,8.63,25.9,29.87,46.09,58.94,71.26,83.11,108.98,132.37,154.31,175.01,226.37,287.22,347.81,408.16,510.29,562.73,610.38,653.84,696.02,705.47,718.68,735.18,735.51,747.39,753.54,754.68,736.16,739.85,736.67,727.5,690.04,684.65,671.79,652.41,592.95,583.65,564.85,537.75,42.83,319.37,430.9,398.04,343.91,307.63,265.66,218.72,175.14,145.03,115.42,86.26,44.9,44.9,1.66,0.0,0.0,0.0,0.0,0.0,0.0,0.0,0.0,0.0,0.0,0.0,0.0,0.0,0.0,0.0,0.0,0.0,0.0,0.0,0.0,0.0
2020-08-22,0.0,0.0,0.0,0.0,0.0,0.0,0.0,0.0,0.0,0.0,0.0,0.0,0.0,0.0,0.0,0.0,0.0,0.0,0.0,0.0,18.55,18.55,53.0,60.22,86.75,125.45,161.38,194.89,251.04,287.58,317.38,341.27,402.79,479.48,531.53,562.03,564.5,564.85,586.43,626.58,693.07,721.29,740.37,751.46,763.45,767.46,769.41,769.55,762.16,758.51,736.29,697.82,684.05,663.16,635.11,600.8,273.39,295.27,211.58,35.51,74.15,207.3,196.14,58.71,210.88,191.52,166.44,136.35,79.43,75.64,50.72,7.3,27.1,27.1,0.23,0.0,0.0,0.0,0.0,0.0,0.0,0.0,0.0,0.0,0.0,0.0,0.0,0.0,0.0,0.0,0.0,0.0,0.0,0.0,0.0,0.0
2020-08-23,0.0,0.0,0.0,0.0,0.0,0.0,0.0,0.0,0.0,0.0,0.0,0.0,0.0,0.0,0.0,0.0,0.0,0.0,0.0,0.0,0.0,51.05,75.24,118.34,157.71,199.23,240.88,283.67,325.32,365.64,405.14,445.66,482.88,514.0,479.3,171.09,87.14,126.41,283.69,691.1,499.96,400.26,491.1,156.0,128.89,239.94,724.01,769.43,765.53,754.87,748.73,735.12,702.22,687.37,673.16,649.43,503.0,486.39,35.08,63.09,433.49,396.8,403.05,361.25,110.89,287.92,258.35,172.57,170.36,139.31,100.57,33.74,6.47,6.08,5.69,0.0,0.0,0.0,0.0,0.0,0.0,0.0,0.0,0.0,0.0,0.0,0.0,0.0,0.0,0.0,0.0,0.0,0.0,0.0,0.0,0.0
2020-08-24,0.0,0.0,0.0,0.0,0.0,0.0,0.0,0.0,0.0,0.0,0.0,0.0,0.0,0.0,0.0,0.0,0.0,0.0,0.0,0.0,15.88,15.88,46.9,53.63,80.73,102.18,125.92,151.66,199.02,265.42,321.92,369.74,416.38,429.15,431.32,424.24,468.21,526.7,583.38,638.46,701.39,719.77,735.55,749.04,761.42,765.74,768.27,769.23,764.33,753.44,738.51,720.03,710.53,696.44,680.34,662.49,621.32,597.18,571.89,545.6,494.24,456.04,414.42,369.81,20.48,27.57,84.41,184.79,48.95,91.03,93.61,61.62,17.69,17.69,0.23,0.0,0.0,0.0,0.0,0.0,0.0,0.0,0.0,0.0,0.0,0.0,0.0,0.0,0.0,0.0,0.0,0.0,0.0,0.0,0.0,0.0
2020-08-25,0.0,0.0,0.0,0.0,0.0,0.0,0.0,0.0,0.0,0.0,0.0,0.0,0.0,0.0,0.0,0.0,0.0,0.0,0.0,0.0,11.21,11.21,61.13,61.13,126.09,161.23,197.94,236.02,304.78,344.11,380.7,414.9,464.99,497.19,527.49,556.12,596.57,621.42,644.1,664.88,690.16,706.32,590.94,360.46,118.83,204.35,318.51,457.72,352.73,205.58,119.82,87.76,97.15,485.24,660.88,650.62,614.02,242.68,102.12,163.48,342.03,381.3,393.74,382.69,88.95,89.01,91.81,97.02,103.8,110.06,99.8,75.11,34.04,34.04,0.0,0.0,0.0,0.0,0.0,0.0,0.0,0.0,0.0,0.0,0.0,0.0,0.0,0.0,0.0,0.0,0.0,0.0,0.0,0.0,0.0,0.0
2020-08-26,0.0,0.0,0.0,0.0,0.0,0.0,0.0,0.0,0.0,0.0,0.0,0.0,0.0,0.0,0.0,0.0,0.0,0.0,0.0,0.0,0.0,4.73,7.49,10.24,15.45,25.77,45.06,47.5,44.25,48.44,55.55,61.59,77.52,90.91,97.14,107.35,140.97,321.82,387.12,323.22,177.47,132.71,149.25,210.01,501.01,741.25,742.73,376.88,139.65,569.3,583.39,529.54,554.32,584.38,529.23,480.77,414.35,184.15,104.83,92.93,91.28,90.55,235.18,377.37,335.45,265.41,154.37,67.78,42.37,20.22,23.51,5.63,3.65,2.68,0.0,0.0,0.0,0.0,0.0,0.0,0.0,0.0,0.0,0.0,0.0,0.0,0.0,0.0,0.0,0.0,0.0,0.0,0.0,0.0,0.0,0.0
2020-08-27,0.0,0.0,0.0,0.0,0.0,0.0,0.0,0.0,0.0,0.0,0.0,0.0,0.0,0.0,0.0,0.0,0.0,0.0,0.0,0.0,10.61,30.35,57.7,57.7,123.83,160.58,195.22,228.02,251.93,177.51,151.28,167.22,280.06,371.33,438.39,484.25,538.29,557.02,539.74,490.94,392.83,423.81,482.33,564.96,211.61,483.64,662.24,759.09,126.91,128.59,321.08,680.54,708.05,615.6,403.12,85.64,233.54,471.19,565.08,533.16,492.29,457.35,422.73,388.39,333.69,276.96,233.87,202.73,168.02,132.76,99.7,68.56,28.97,28.97,0.0,0.0,0.0,0.0,0.0,0.0,0.0,0.0,0.0,0.0,0.0,0.0,0.0,0.0,0.0,0.0,0.0,0.0,0.0,0.0,0.0,0.0
2020-08-28,0.0,0.0,0.0,0.0,0.0,0.0,0.0,0.0,0.0,0.0,0.0,0.0,0.0,0.0,0.0,0.0,0.0,0.0,0.0,0.0,3.19,8.65,21.37,21.37,73.5,147.57,201.01,236.4,273.49,322.03,349.42,358.31,436.73,483.86,517.99,540.76,356.19,208.37,321.07,661.72,664.31,512.49,331.41,124.72,200.24,377.87,535.33,675.14,681.49,262.43,288.57,704.27,668.46,671.54,644.09,589.94,525.33,204.36,138.4,295.57,368.5,409.73,326.09,133.2,49.74,205.49,254.26,209.43,158.09,126.29,87.41,42.33,26.6,26.6,0.0,0.0,0.0,0.0,0.0,0.0,0.0,0.0,0.0,0.0,0.0,0.0,0.0,0.0,0.0,0.0,0.0,0.0,0.0,0.0,0.0,0.0
2020-08-29,0.0,0.0,0.0,0.0,0.0,0.0,0.0,0.0,0.0,0.0,0.0,0.0,0.0,0.0,0.0,0.0,0.0,0.0,0.0,0.0,6.48,27.06,56.35,56.35,124.53,161.7,198.46,234.88,289.51,327.88,364.32,399.08,450.37,483.43,514.68,544.37,585.07,611.5,635.42,657.16,683.39,700.86,715.32,727.12,733.65,742.58,747.37,748.55,740.23,737.39,729.1,716.02,692.13,318.04,110.35,48.27,440.77,488.56,508.18,503.16,469.68,420.35,267.98,25.44,296.16,279.14,249.27,208.18,152.59,122.47,92.53,62.76,24.38,24.38,0.0,0.0,0.0,0.0,0.0,0.0,0.0,0.0,0.0,0.0,0.0,0.0,0.0,0.0,0.0,0.0,0.0,0.0,0.0,0.0,0.0,0.0
2020-08-30,0.0,0.0,0.0,0.0,0.0,0.0,0.0,0.0,0.0,0.0,0.0,0.0,0.0,0.0,0.0,0.0,0.0,0.0,0.0,0.0,1.43,6.97,16.24,16.24,67.51,103.4,140.18,177.73,236.61,276.3,315.19,353.36,425.52,472.82,510.66,540.2,581.94,607.0,630.19,651.74,672.91,676.8,665.9,642.06,539.85,502.09,515.6,573.99,692.81,701.63,708.58,713.9,696.58,679.24,660.1,639.38,599.92,571.92,529.97,475.81,326.82,275.29,247.8,241.35,281.01,268.41,245.0,212.11,156.29,122.24,90.56,60.96,22.5,22.5,0.0,0.0,0.0,0.0,0.0,0.0,0.0,0.0,0.0,0.0,0.0,0.0,0.0,0.0,0.0,0.0,0.0,0.0,0.0,0.0,0.0,0.0
2020-08-31,0.0,0.0,0.0,0.0,0.0,0.0,0.0,0.0,0.0,0.0,0.0,0.0,0.0,0.0,0.0,0.0,0.0,0.0,0.0,0.0,0.7,7.64,19.04,19.04,53.78,61.15,78.14,103.55,116.38,114.64,113.35,112.44,112.81,111.39,107.63,101.82,107.6,123.94,147.16,176.4,316.61,467.06,595.16,703.71,707.19,648.93,613.28,597.42,643.84,415.97,291.01,256.1,264.19,384.22,497.15,603.87,582.9,573.38,542.73,493.59,476.73,426.44,388.74,362.05,323.58,286.0,247.8,209.04,149.48,118.62,88.41,58.77,7.94,7.94,0.0,0.0,0.0,0.0,0.0,0.0,0.0,0.0,0.0,0.0,0.0,0.0,0.0,0.0,0.0,0.0,0.0,0.0,0.0,0.0,0.0,0.0
2020-09-01,0.0,0.0,0.0,0.0,0.0,0.0,0.0,0.0,0.0,0.0,0.0,0.0,0.0,0.0,0.0,0.0,0.0,0.0,0.0,0.0,1.35,8.42,17.21,17.21,37.63,50.29,65.78,83.73,115.27,136.5,155.17,171.6,237.38,259.36,258.64,238.07,239.04,256.55,276.46,298.48,333.86,365.37,395.71,425.04,459.11,491.39,523.95,556.75,600.06,671.0,708.2,715.87,695.12,677.47,655.55,629.88,588.95,557.48,508.71,444.81,305.12,234.9,183.24,147.8,130.59,159.61,185.31,208.12,152.32,117.59,85.68,56.23,18.61,18.61,0.0,0.0,0.0,0.0,0.0,0.0,0.0,0.0,0.0,0.0,0.0,0.0,0.0,0.0,0.0,0.0,0.0,0.0,0.0,0.0,0.0,0.0
2020-09-02,0.0,0.0,0.0,0.0,0.0,0.0,0.0,0.0,0.0,0.0,0.0,0.0,0.0,0.0,0.0,0.0,0.0,0.0,0.0,0.0,0.68,8.25,21.52,21.52,67.76,86.3,117.95,161.06,213.12,224.96,262.37,322.17,367.19,424.22,471.1,509.1,569.55,595.24,619.09,641.34,670.15,686.22,700.22,712.42,725.51,730.58,733.98,735.93,733.17,726.82,718.62,708.81,689.18,670.74,652.62,634.8,599.12,573.1,546.09,518.21,471.16,437.48,403.67,369.76,315.53,277.57,240.18,203.29,147.31,113.26,81.92,52.96,16.35,16.35,0.0,0.0,0.0,0.0,0.0,0.0,0.0,0.0,0.0,0.0,0.0,0.0,0.0,0.0,0.0,0.0,0.0,0.0,0.0,0.0,0.0,0.0
2020-09-03,0.0,0.0,0.0,0.0,0.0,0.0,0.0,0.0,0.0,0.0,0.0,0.0,0.0,0.0,0.0,0.0,0.0,0.0,0.0,0.0,0.0,11.63,28.53,28.53,75.88,102.84,130.23,158.0,199.39,170.46,134.68,92.91,44.98,288.18,357.28,274.05,378.19,361.63,292.66,177.85,383.11,400.2,379.22,324.91,378.66,530.66,613.93,637.05,586.94,542.77,520.45,517.25,584.18,478.34,320.0,115.74,56.61,132.61,177.8,196.04,114.32,102.63,140.27,221.08,239.62,211.85,142.07,35.54,80.7,35.29,21.5,35.39,12.88,12.88,0.0,0.0,0.0,0.0,0.0,0.0,0.0,0.0,0.0,0.0,0.0,0.0,0.0,0.0,0.0,0.0,0.0,0.0,0.0,0.0,0.0,0.0
2020-09-04,0.0,0.0,0.0,0.0,0.0,0.0,0.0,0.0,0.0,0.0,0.0,0.0,0.0,0.0,0.0,0.0,0.0,0.0,0.0,0.0,0.0,5.06,23.26,26.77,59.45,84.57,106.57,126.45,98.56,37.3,56.84,181.79,335.99,426.01,309.86,271.06,291.71,300.0,279.05,241.87,204.77,157.89,119.43,122.22,158.9,191.54,184.76,158.99,146.69,115.63,185.75,251.79,109.34,95.87,97.61,102.25,90.04,84.01,86.37,84.36,72.54,62.46,56.85,49.69,40.45,66.11,115.6,164.83,68.4,30.78,13.12,2.17,9.7,4.85,0.0,0.0,0.0,0.0,0.0,0.0,0.0,0.0,0.0,0.0,0.0,0.0,0.0,0.0,0.0,0.0,0.0,0.0,0.0,0.0,0.0,0.0
2020-09-05,0.0,0.0,0.0,0.0,0.0,0.0,0.0,0.0,0.0,0.0,0.0,0.0,0.0,0.0,0.0,0.0,0.0,0.0,0.0,0.0,0.0,3.37,23.99,26.96,16.68,38.72,65.19,23.92,26.26,60.82,69.37,52.95,37.75,37.04,48.28,86.13,130.89,380.55,581.44,622.11,630.79,352.2,534.12,697.41,707.3,715.6,705.59,410.93,321.51,443.74,563.31,646.31,650.2,415.97,108.17,68.32,78.85,350.39,507.67,255.6,125.03,177.5,243.87,205.88,158.94,47.02,31.61,30.97,130.34,97.88,64.1,11.85,1.76,0.88,0.0,0.0,0.0,0.0,0.0,0.0,0.0,0.0,0.0,0.0,0.0,0.0,0.0,0.0,0.0,0.0,0.0,0.0,0.0,0.0,0.0,0.0
2020-09-06,0.0,0.0,0.0,0.0,0.0,0.0,0.0,0.0,0.0,0.0,0.0,0.0,0.0,0.0,0.0,0.0,0.0,0.0,0.0,0.0,0.0,0.0,0.0,0.0,46.16,107.21,153.53,186.95,247.63,285.46,320.92,354.29,406.53,441.14,466.83,484.74,278.03,401.8,514.22,616.7,552.55,495.38,479.52,499.79,657.72,695.5,713.79,715.02,684.04,643.99,640.85,670.01,669.18,628.86,429.28,90.34,64.05,149.54,295.18,493.44,454.05,414.64,335.22,220.79,215.81,227.33,216.61,186.43,130.44,98.69,68.45,39.5,8.22,8.22,0.0,0.0,0.0,0.0,0.0,0.0,0.0,0.0,0.0,0.0,0.0,0.0,0.0,0.0,0.0,0.0,0.0,0.0,0.0,0.0,0.0,0.0
2020-09-07,0.0,0.0,0.0,0.0,0.0,0.0,0.0,0.0,0.0,0.0,0.0,0.0,0.0,0.0,0.0,0.0,0.0,0.0,0.0,0.0,0.0,0.0,0.0,0.0,82.7,115.84,150.55,186.64,242.64,280.46,316.92,352.17,404.19,437.84,469.6,499.69,542.21,568.42,592.48,614.65,643.92,660.48,674.87,687.36,701.22,706.96,710.61,712.45,709.63,703.84,696.21,686.97,667.45,650.58,632.45,613.21,579.13,552.76,525.49,497.42,450.67,416.61,382.47,348.25,293.78,255.98,218.69,181.84,127.57,95.23,65.37,37.68,6.62,6.62,0.0,0.0,0.0,0.0,0.0,0.0,0.0,0.0,0.0,0.0,0.0,0.0,0.0,0.0,0.0,0.0,0.0,0.0,0.0,0.0,0.0,0.0
2020-09-08,0.0,0.0,0.0,0.0,0.0,0.0,0.0,0.0,0.0,0.0,0.0,0.0,0.0,0.0,0.0,0.0,0.0,0.0,0.0,0.0,0.0,0.0,0.0,0.0,73.68,104.72,137.17,170.86,225.57,262.33,297.68,331.79,382.28,415.24,446.17,475.32,516.84,542.16,564.14,583.19,570.36,550.47,517.09,471.91,418.47,409.28,403.41,400.45,387.93,377.97,369.11,361.22,354.49,348.69,344.02,340.32,320.05,303.18,291.03,283.0,273.87,261.09,242.34,218.38,173.89,149.9,129.79,113.08,90.78,70.72,50.5,30.15,4.7,4.7,3.06,0.0,0.0,0.0,0.0,0.0,0.0,0.0,0.0,0.0,0.0,0.0,0.0,0.0,0.0,0.0,0.0,0.0,0.0,0.0,0.0,0.0
2020-09-09,0.0,0.0,0.0,0.0,0.0,0.0,0.0,0.0,0.0,0.0,0.0,0.0,0.0,0.0,0.0,0.0,0.0,0.0,0.0,0.0,0.0,0.0,0.0,0.0,50.5,50.5,70.22,73.94,91.52,112.34,139.2,171.36,173.76,183.79,220.8,281.41,350.76,238.05,154.71,97.06,283.35,275.65,219.97,122.29,155.48,145.41,130.88,112.46,318.44,415.94,339.2,110.0,66.71,149.74,312.01,543.62,370.92,207.54,105.47,57.04,221.68,325.22,341.56,281.6,266.47,231.15,180.08,115.22,39.2,59.71,55.55,29.81,3.69,3.69,2.4,0.0,0.0,0.0,0.0,0.0,0.0,0.0,0.0,0.0,0.0,0.0,0.0,0.0,0.0,0.0,0.0,0.0,0.0,0.0,0.0,0.0
2020-09-10,0.0,0.0,0.0,0.0,0.0,0.0,0.0,0.0,0.0,0.0,0.0,0.0,0.0,0.0,0.0,0.0,0.0,0.0,0.0,0.0,0.0,0.0,0.0,0.0,48.46,48.46,105.13,117.86,165.68,208.83,256.86,309.16,394.9,429.74,462.32,492.93,535.15,562.39,586.93,609.09,635.9,651.4,665.0,676.94,691.75,697.92,701.53,702.89,700.41,695.4,688.57,680.12,662.39,646.15,628.17,608.69,573.66,546.76,519.19,491.05,444.29,410.16,375.87,341.41,286.62,248.39,210.89,174.03,119.87,87.43,57.78,30.55,2.83,2.83,1.84,0.0,0.0,0.0,0.0,0.0,0.0,0.0,0.0,0.0,0.0,0.0,0.0,0.0,0.0,0.0,0.0,0.0,0.0,0.0,0.0,0.0
2020-09-11,0.0,0.0,0.0,0.0,0.0,0.0,0.0,0.0,0.0,0.0,0.0,0.0,0.0,0.0,0.0,0.0,0.0,0.0,0.0,0.0,0.0,0.0,0.0,0.0,63.99,63.99,145.42,163.31,219.11,257.01,293.62,329.1,381.47,415.37,447.39,477.76,520.64,547.1,571.48,594.06,623.9,640.83,655.59,668.47,682.95,689.1,693.08,695.16,691.8,685.35,677.23,667.62,648.06,631.29,613.18,593.9,559.71,533.4,506.23,478.3,431.7,396.23,358.11,317.67,252.83,213.73,177.75,144.51,101.47,73.59,48.41,25.59,2.14,2.14,1.4,0.0,0.0,0.0,0.0,0.0,0.0,0.0,0.0,0.0,0.0,0.0,0.0,0.0,0.0,0.0,0.0,0.0,0.0,0.0,0.0,0.0
2020-09-12,0.0,0.0,0.0,0.0,0.0,0.0,0.0,0.0,0.0,0.0,0.0,0.0,0.0,0.0,0.0,0.0,0.0,0.0,0.0,0.0,0.0,0.0,0.0,0.0,58.24,83.36,127.76,168.32,209.8,251.32,292.0,332.11,369.76,408.41,443.95,468.55,481.39,464.23,462.07,452.69,429.08,448.25,517.95,534.45,617.05,663.88,684.86,686.65,685.38,680.71,672.68,661.3,646.52,628.64,607.96,584.62,558.64,530.1,499.11,465.84,430.56,393.5,354.89,314.91,273.87,232.12,190.09,148.31,110.82,75.67,36.76,30.05,1.04,1.04,0.0,0.0,0.0,0.0,0.0,0.0,0.0,0.0,0.0,0.0,0.0,0.0,0.0,0.0,0.0,0.0,0.0,0.0,0.0,0.0,0.0,0.0
2020-09-13,0.0,0.0,0.0,0.0,0.0,0.0,0.0,0.0,0.0,0.0,0.0,0.0,0.0,0.0,0.0,0.0,0.0,0.0,0.0,0.0,0.0,0.0,0.0,0.0,52.83,52.83,128.82,144.98,198.15,234.54,269.88,304.31,355.25,387.97,418.68,447.65,487.95,512.83,536.16,558.14,589.37,607.07,621.25,632.35,643.79,650.45,655.99,660.52,658.74,651.89,644.82,637.56,625.19,611.63,595.99,578.54,545.68,519.35,492.25,464.47,418.34,384.76,351.07,317.29,263.64,226.32,189.81,154.01,105.4,74.49,46.68,21.59,0.5,0.5,0.32,0.0,0.0,0.0,0.0,0.0,0.0,0.0,0.0,0.0,0.0,0.0,0.0,0.0,0.0,0.0,0.0,0.0,0.0,0.0,0.0,0.0
2020-09-14,0.0,0.0,0.0,0.0,0.0,0.0,0.0,0.0,0.0,0.0,0.0,0.0,0.0,0.0,0.0,0.0,0.0,0.0,0.0,0.0,0.0,0.0,0.0,0.0,49.52,49.52,126.59,142.82,197.61,234.73,269.5,302.24,348.28,376.59,403.68,429.7,467.49,490.56,511.18,529.68,551.31,562.04,570.58,577.22,580.38,578.74,575.72,571.47,562.08,555.25,547.84,539.92,523.81,510.04,495.12,479.2,449.51,426.28,402.31,377.7,336.08,305.82,275.46,245.0,196.32,164.14,134.53,107.16,70.64,50.29,32.48,16.92,0.0,0.0,0.0,0.0,0.0,0.0,0.0,0.0,0.0,0.0,0.0,0.0,0.0,0.0,0.0,0.0,0.0,0.0,0.0,0.0,0.0,0.0,0.0,0.0
2020-09-15,0.0,0.0,0.0,0.0,0.0,0.0,0.0,0.0,0.0,0.0,0.0,0.0,0.0,0.0,0.0,0.0,0.0,0.0,0.0,0.0,0.0,0.0,0.0,0.0,44.27,44.27,119.71,135.4,189.25,226.46,262.44,297.35,349.06,382.63,414.34,444.4,486.89,513.14,537.3,559.62,589.36,606.33,621.12,634.01,647.93,652.97,655.73,656.51,649.44,641.2,631.35,620.07,595.5,579.69,560.98,539.75,498.59,471.96,444.59,416.58,365.11,333.2,301.32,269.48,214.88,184.01,154.38,125.84,82.22,58.21,36.87,17.85,0.0,0.0,0.0,0.0,0.0,0.0,0.0,0.0,0.0,0.0,0.0,0.0,0.0,0.0,0.0,0.0,0.0,0.0,0.0,0.0,0.0,0.0,0.0,0.0
