,TT2M_1,TT2M_2,TT2M_3,TT2M_4,TT2M_5,TT2M_6,TT2M_7,TT2M_8,TT2M_9,TT2M_10,TT2M_11,TT2M_12,TT2M_13,TT2M_14,TT2M_15,TT2M_16,TT2M_17,TT2M_18,TT2M_19,TT2M_20,TT2M_21,TT2M_22,TT2M_23,TT2M_24,TT2M_25,TT2M_26,TT2M_27,TT2M_28,TT2M_29,TT2M_30,TT2M_31,TT2M_32,TT2M_33,TT2M_34,TT2M_35,TT2M_36,TT2M_37,TT2M_38,TT2M_39,TT2M_40,TT2M_41,TT2M_42,TT2M_43,TT2M_44,TT2M_45,TT2M_46,TT2M_47,TT2M_48,TT2M_49,TT2M_50,TT2M_51,TT2M_52,TT2M_53,TT2M_54,TT2M_55,TT2M_56,TT2M_57,TT2M_58,TT2M_59,TT2M_60,TT2M_61,TT2M_62,TT2M_63,TT2M_64,TT2M_65,TT2M_66,TT2M_67,TT2M_68,TT2M_69,TT2M_70,TT2M_71,TT2M_72,TT2M_73,TT2M_74,TT2M_75,TT2M_76,TT2M_77,TT2M_78,TT2M_79,TT2M_80,TT2M_81,TT2M_82,TT2M_83,TT2M_84,TT2M_85,TT2M_86,TT2M_87,TT2M_88,TT2M_89,TT2M_90,TT2M_91,TT2M_92,TT2M_93,TT2M_94,TT2M_95,TT2M_96
2020-04-11,7.82,7.64,7.48,7.3,7.19,7.48,7.38,7.04,6.87,6.5,6.84,6.89,6.89,6.79,6.81,7.01,7.04,6.96,7.3,7.58,7.58,7.48,7.5,7.46,7.79,8.69,9.52,10.62,11.58,12.34,13.05,13.75,14.53,15.38,16.1,16.59,17.07,17.48,17.83,18.18,18.42,18.59,18.77,19.0,19.28,19.59,19.95,20.31,20.65,20.9,21.09,21.28,21.43,21.68,22.02,22.21,22.03,21.71,21.56,21.52,21.56,21.61,21.61,21.53,21.4,21.27,21.1,20.86,20.55,20.21,19.71,18.88,18.45,18.76,18.66,18.39,17.83,17.29,17.41,17.19,16.76,16.32,16.09,16.03,15.7,15.36,15.04,14.74,14.2,13.82,13.51,12.83,12.4,12.13,11.75,11.4
2020-04-12,11.86,11.89,11.91,11.84,11.67,10.83,10.44,9.75,9.71,9.24,9.25,9.17,8.65,8.53,8.37,8.39,8.18,7.92,7.86,7.78,7.76,8.0,8.4,8.75,9.53,10.34,11.16,12.19,13.11,13.8,14.55,15.38,16.13,16.83,17.54,18.05,18.55,18.96,19.28,19.56,19.87,20.23,20.54,20.66,20.67,20.74,20.73,20.49,20.5,21.04,21.51,21.29,22.05,21.88,21.74,21.78,21.96,22.62,23.12,22.37,21.76,21.68,21.4,21.73,22.39,22.06,21.18,20.74,20.72,20.59,19.95,19.47,18.97,17.62,17.39,17.42,16.55,15.37,15.13,15.2,15.34,15.18,14.95,14.38,13.69,13.8,14.49,14.78,14.48,13.83,13.12,12.37,12.05,11.81,10.54,9.8
2020-04-13,12.58,12.99,12.78,12.68,12.31,11.87,11.48,11.39,11.3,10.72,10.67,10.51,10.24,9.91,9.63,9.34,9.05,8.76,8.59,8.54,8.36,8.22,8.17,7.97,7.69,7.51,7.46,7.32,7.11,7.04,7.17,7.19,7.05,7.12,7.33,7.6,7.94,8.34,8.92,9.64,10.04,10.4,10.65,10.87,11.11,11.3,11.42,11.56,11.67,11.53,11.29,11.23,11.31,11.52,11.81,12.02,12.2,12.29,12.32,12.27,12.23,12.09,11.94,11.75,11.46,11.16,10.81,10.37,9.87,9.38,8.86,8.31,7.77,7.29,6.78,6.34,5.96,5.6,5.23,4.88,4.54,4.23,3.94,3.67,3.4,3.13,2.88,2.64,2.39,2.15,1.91,1.66,1.42,1.19,0.98,0.79
2020-04-14,0.38,0.2,0.01,-0.22,-0.48,-0.72,-0.95,-1.16,-1.38,-1.6,-1.81,-2.0,-2.09,-2.27,-2.44,-2.51,-2.6,-2.59,-2.63,-2.69,-2.97,-2.74,-2.22,-2.14,-2.06,-1.83,-1.31,-0.41,0.45,1.1,1.92,2.72,3.37,3.91,4.37,4.77,5.04,5.3,5.65,6.03,6.39,6.73,7.08,7.4,7.62,7.79,7.96,8.11,8.25,8.41,8.58,8.71,8.81,8.92,9.03,9.1,9.15,9.22,9.27,9.3,9.31,9.33,9.33,9.3,9.16,9.04,8.92,8.77,8.57,8.36,8.07,7.72,7.29,6.9,6.33,5.43,4.88,5.07,5.32,5.36,5.21,4.89,4.63,4.45,4.3,4.12,3.69,3.02,2.19,1.94,1.86,1.72,1.81,1.87,1.79,1.73
2020-04-15,1.59,1.44,1.27,1.16,1.01,1.13,1.25,1.24,1.24,1.21,1.08,0.96,0.77,0.74,0.68,0.64,0.57,0.4,0.14,-0.09,-0.15,-0.12,0.1,0.38,0.78,1.7,2.8,3.74,4.76,5.65,6.39,7.23,8.02,8.59,9.11,9.63,10.04,10.39,10.68,11.03,11.31,11.55,11.8,12.07,12.37,12.73,13.14,13.57,13.97,14.31,14.6,14.83,15.01,15.18,15.35,15.5,15.66,15.82,15.98,16.17,16.38,16.57,16.69,16.71,16.62,16.55,16.48,16.36,16.2,15.97,15.6,15.03,14.29,13.41,12.68,12.61,13.01,13.23,13.24,13.09,12.85,12.49,12.0,11.46,11.15,10.79,10.53,10.28,10.09,10.03,10.02,9.89,9.72,9.4,9.32,9.27
2020-04-16,8.86,8.76,8.51,7.33,8.06,8.06,7.44,7.58,7.68,6.85,6.47,6.51,6.35,6.08,6.05,6.29,6.39,6.43,6.56,6.53,6.51,6.6,6.98,7.45,7.97,8.51,9.13,9.92,10.84,11.79,12.68,13.48,14.23,14.84,15.35,15.81,16.32,16.89,17.45,17.72,18.08,18.34,18.43,18.61,18.84,19.07,19.33,19.61,19.89,20.14,20.33,20.5,20.61,20.7,20.87,21.1,21.3,21.43,21.49,21.55,21.63,21.77,21.98,22.15,22.12,21.98,21.77,21.49,21.15,20.79,20.37,19.8,19.78,19.7,19.32,18.97,18.77,18.64,18.32,18.12,17.58,16.58,15.11,14.21,13.68,13.47,13.48,13.77,13.92,13.74,13.48,13.06,11.61,10.9,11.0,10.89
2020-04-17,11.9,11.79,11.56,11.3,11.24,11.08,10.8,10.59,10.5,10.14,9.6,9.28,9.31,9.32,9.28,9.28,9.52,9.41,9.09,8.88,8.46,8.1,7.67,7.36,7.83,8.75,9.96,10.78,11.6,12.25,12.88,13.49,14.17,14.66,15.38,16.11,16.52,17.08,17.78,18.46,18.76,18.97,19.48,19.96,20.22,20.3,20.39,20.52,20.66,20.78,20.83,20.87,20.97,21.08,21.21,21.36,21.54,21.79,21.97,21.98,22.08,22.45,22.65,22.55,22.29,21.95,21.65,21.37,21.1,20.89,20.64,20.29,19.9,19.54,19.11,18.23,17.28,17.17,17.14,17.05,16.84,16.81,16.87,16.65,16.5,16.3,16.01,15.65,15.13,14.72,14.38,14.27,13.97,14.07,13.98,13.86
2020-04-18,12.86,12.65,12.47,12.24,11.87,11.45,11.23,10.87,10.22,10.17,10.1,10.06,10.04,10.15,10.08,10.05,10.16,10.15,10.27,10.27,10.23,10.26,10.41,10.47,10.72,11.07,11.39,11.59,11.97,12.25,12.55,12.59,12.95,13.82,14.87,15.48,15.66,15.67,15.85,16.14,16.37,16.61,16.89,17.18,17.49,17.84,18.13,18.46,18.68,18.88,19.03,19.24,19.41,19.57,19.73,19.83,19.76,19.69,19.78,19.95,19.8,19.57,19.34,19.13,18.97,18.77,18.37,17.58,17.02,16.96,16.67,16.11,15.75,15.54,15.19,14.79,14.61,14.64,14.52,14.27,13.7,13.53,13.49,13.45,13.43,13.14,12.91,12.63,12.5,12.4,12.22,12.13,12.08,11.94,11.82,11.6
2020-04-19,9.76,9.46,8.87,8.61,8.22,7.38,6.39,5.5,5.25,5.55,5.71,5.44,5.45,5.74,6.01,6.18,6.24,6.29,6.29,6.23,6.27,6.32,6.49,6.56,6.59,6.68,6.86,7.12,7.46,7.81,8.18,8.58,9.02,9.54,10.22,10.99,11.66,12.26,12.93,13.63,14.28,14.87,15.43,16.0,16.53,16.94,17.19,17.34,17.42,17.49,17.52,17.56,17.71,17.9,18.11,18.29,18.43,18.59,18.71,18.74,18.59,18.42,18.51,18.55,18.21,18.15,18.23,18.34,18.57,18.32,17.65,17.17,16.71,16.27,15.81,15.36,14.97,14.59,14.22,13.85,13.49,13.15,12.83,12.56,12.29,11.98,11.72,11.45,11.1,10.72,10.39,10.08,9.68,9.24,8.82,8.45
2020-04-20,8.32,8.07,7.81,7.58,7.33,7.11,6.89,6.7,6.5,6.31,6.15,5.99,5.82,5.66,5.51,5.35,5.19,5.02,4.87,4.71,4.64,4.53,4.64,4.79,5.04,5.34,5.76,6.29,6.91,7.61,8.38,9.08,9.67,10.18,10.6,10.94,11.27,11.64,12.04,12.42,12.78,13.08,13.4,13.78,14.24,14.72,15.17,15.55,15.82,16.02,16.16,16.24,16.28,16.36,16.49,16.67,16.87,17.05,17.16,17.23,17.23,17.17,17.08,16.95,16.77,16.59,16.36,16.08,15.75,15.42,15.07,14.67,14.26,13.84,13.36,12.92,12.52,12.14,11.77,11.41,11.14,10.89,10.66,10.46,10.28,10.08,9.87,9.65,9.4,9.17,8.93,8.71,8.52,8.35,8.21,8.1
2020-04-21,7.55,7.41,7.27,7.14,7.01,6.89,6.77,6.66,6.55,6.44,6.34,6.24,6.15,6.06,5.96,5.87,5.77,5.66,5.55,5.45,5.43,5.38,5.52,5.67,5.9,6.19,6.55,7.04,7.66,8.3,8.97,9.63,10.25,10.78,11.26,11.67,12.07,12.5,12.92,13.34,13.79,14.34,14.95,15.55,16.06,16.49,16.89,17.27,17.59,17.86,18.08,18.23,18.32,18.4,18.51,18.66,18.82,18.98,19.11,19.22,19.28,19.27,19.22,19.11,18.94,18.77,18.57,18.32,18.05,17.81,17.52,17.17,16.78,16.35,15.8,15.26,14.76,14.32,13.9,13.52,13.18,12.88,12.63,12.41,12.17,11.9,11.6,11.27,10.92,10.58,10.27,10.0,9.73,9.51,9.31,9.14
2020-04-22,9.37,9.16,8.96,8.75,8.54,8.35,8.19,8.05,7.9,7.79,7.71,7.66,7.6,7.49,7.32,7.12,6.92,6.73,6.55,6.35,6.32,6.22,6.33,6.47,6.71,7.01,7.39,7.89,8.51,9.16,9.85,10.62,11.39,12.1,12.71,13.24,13.72,14.16,14.6,15.03,15.44,15.78,16.1,16.44,16.8,17.12,17.43,17.78,18.19,18.65,19.15,19.64,20.03,20.33,20.55,20.72,20.82,20.9,20.93,20.96,20.99,20.97,20.95,20.87,20.75,20.63,20.47,20.25,19.97,19.68,19.35,18.97,18.56,18.14,17.64,17.24,16.79,16.35,15.94,15.58,15.23,14.89,14.57,14.26,13.94,13.62,13.31,13.02,12.69,12.36,12.03,11.67,11.24,10.71,10.11,9.59
2020-04-23,10.02,9.76,9.46,9.2,9.01,8.77,8.47,8.14,7.78,7.51,7.34,7.19,7.09,6.93,6.81,6.78,6.74,6.41,6.09,5.66,5.4,5.38,5.41,5.82,6.98,8.2,9.36,10.33,11.0,11.62,12.27,13.01,13.9,14.65,15.16,15.6,16.02,16.45,16.89,17.19,17.45,17.73,17.98,18.19,18.41,18.61,18.8,18.97,19.18,19.35,19.49,19.6,19.71,19.82,19.94,20.07,20.2,20.34,20.48,20.59,20.71,20.8,20.86,20.9,20.92,20.92,20.92,20.87,20.75,20.59,20.33,19.88,19.36,18.78,18.07,17.46,16.8,16.26,15.97,15.85,15.77,15.62,15.83,15.93,15.75,15.34,14.95,14.31,13.62,13.25,12.61,12.0,11.46,10.88,10.37,9.64
2020-04-24,8.83,8.65,8.87,8.68,9.02,8.97,8.84,8.56,8.84,8.56,8.37,8.38,8.1,7.76,7.12,7.12,7.15,7.23,7.33,7.34,7.37,7.69,8.22,8.95,9.62,10.16,10.72,11.11,11.52,12.07,12.71,13.28,13.74,14.11,14.61,15.13,15.76,16.28,16.68,17.06,17.33,17.53,17.71,17.91,18.12,18.27,18.48,18.57,18.65,18.65,18.64,18.71,18.82,18.85,18.82,18.88,19.02,19.16,19.21,19.17,19.11,19.1,19.06,18.95,18.83,18.8,18.79,18.7,18.53,18.44,18.34,17.87,17.21,16.67,16.06,15.29,14.55,14.4,14.22,14.01,13.58,13.42,13.53,13.39,13.04,12.59,12.19,11.82,11.42,11.07,10.71,10.31,9.83,9.29,8.74,8.24
2020-04-25,7.5,7.22,6.97,6.73,6.53,6.38,6.23,6.1,6.06,5.94,5.78,5.64,5.73,5.76,5.73,5.68,5.57,5.51,5.49,5.49,5.5,5.4,5.36,5.29,5.33,5.34,5.36,5.41,5.51,5.63,5.81,6.06,6.39,6.68,7.04,7.47,7.92,8.38,8.83,9.29,9.79,10.3,10.8,11.26,11.65,11.96,12.19,12.36,12.52,12.68,12.85,12.99,13.08,13.17,13.26,13.33,13.39,13.45,13.51,13.57,13.64,13.72,13.78,13.83,13.83,13.78,13.67,13.51,13.29,13.06,12.79,12.45,12.09,11.7,11.21,10.83,10.26,9.38,9.16,9.19,9.02,8.7,8.44,8.26,8.03,7.78,7.64,7.51,7.21,6.84,6.56,6.11,5.74,5.45,5.21,4.9
2020-04-26,4.88,4.97,5.44,5.62,5.35,4.95,4.53,4.37,4.66,5.08,5.1,5.08,4.69,3.61,2.74,1.99,2.04,2.7,1.8,0.85,0.86,1.67,2.52,3.01,3.33,3.54,3.6,3.66,3.89,4.18,4.61,5.24,6.0,6.89,7.83,8.74,9.29,9.88,10.51,11.17,11.81,12.34,12.63,13.0,13.39,13.71,13.89,14.05,14.25,14.49,14.74,14.97,15.2,15.4,15.57,15.69,15.78,15.86,15.91,15.95,15.97,16.0,16.02,16.02,16.0,15.96,15.91,15.82,15.69,15.55,15.34,15.01,14.53,13.86,12.64,12.34,12.32,12.39,12.02,11.2,11.07,10.77,10.57,10.58,10.18,9.96,10.02,9.89,9.79,9.56,9.24,8.8,8.42,8.17,7.75,7.42
2020-04-27,5.64,5.64,5.54,5.33,4.99,5.01,4.59,4.75,4.59,4.67,4.64,5.12,4.79,4.76,4.65,4.17,3.93,3.8,3.43,4.04,4.43,4.68,5.12,5.85,6.49,7.32,8.06,8.35,8.68,9.3,10.47,11.88,13.0,13.86,14.28,14.81,15.09,15.35,15.61,15.83,15.78,16.07,16.63,17.06,17.27,17.39,17.34,17.01,16.72,16.48,16.27,16.18,16.87,17.11,17.51,17.94,18.26,18.67,19.14,19.5,19.51,19.23,18.86,18.76,18.8,18.69,18.77,18.93,18.12,16.9,16.3,15.86,16.22,16.39,16.3,16.03,15.67,15.33,15.1,14.94,14.55,14.32,14.35,14.03,13.65,13.47,13.52,13.66,13.46,13.14,12.78,12.57,12.38,12.21,12.04,11.99
2020-04-28,12.01,12.44,11.54,11.55,11.44,10.98,10.71,10.98,11.34,11.46,11.25,10.75,10.19,10.57,10.98,10.92,10.74,10.6,10.43,10.27,10.16,10.08,10.18,10.27,10.52,10.77,11.3,11.83,12.32,12.66,13.0,13.32,13.44,13.47,13.41,13.3,13.2,13.12,12.97,12.77,12.66,12.79,12.79,12.56,12.45,12.43,12.37,12.35,12.42,12.36,12.55,12.52,12.28,12.27,12.33,12.39,12.67,13.13,13.54,13.55,13.59,13.98,14.18,13.52,13.08,13.46,14.17,13.69,13.2,13.09,12.97,13.05,12.99,12.85,12.66,12.4,12.27,12.34,12.42,12.49,12.3,12.05,11.83,11.64,11.75,11.71,11.48,11.27,11.2,11.22,11.21,11.16,11.01,10.87,10.75,10.68
2020-04-29,11.13,10.94,10.67,10.55,10.71,10.85,10.88,10.84,10.76,10.66,10.56,10.48,10.41,10.34,10.29,10.27,10.28,10.29,10.27,10.23,10.21,10.19,10.16,10.12,10.11,10.09,10.11,10.11,10.15,10.23,10.34,10.5,10.78,11.06,11.31,11.55,11.78,11.95,12.1,12.51,13.0,13.07,12.92,12.76,13.51,13.86,13.98,13.96,14.59,14.36,13.54,13.57,13.99,13.88,13.47,13.8,15.14,15.8,16.1,16.04,15.23,14.86,14.57,14.18,13.77,13.28,12.92,12.75,12.5,12.06,11.47,10.93,10.84,11.05,11.18,11.05,11.02,11.05,11.07,11.09,10.91,10.89,11.01,11.09,11.03,10.89,10.76,10.66,10.55,10.48,10.44,10.41,10.43,10.45,10.43,10.38
2020-04-30,9.68,9.67,9.69,9.76,9.74,9.53,9.3,9.14,9.11,9.23,9.32,9.3,9.34,9.39,9.37,9.33,9.31,9.26,9.2,9.1,9.06,8.99,8.95,8.9,8.86,8.83,8.81,8.81,8.82,8.83,8.9,8.93,9.47,10.03,10.57,10.63,11.09,11.57,11.97,12.34,12.72,13.09,13.32,13.4,13.49,13.9,14.3,13.51,13.83,14.17,14.37,14.49,14.74,14.8,13.84,14.64,14.51,14.28,14.14,13.68,12.65,11.97,11.4,11.01,12.11,12.37,12.78,12.67,12.53,12.23,12.09,11.88,11.67,11.5,11.22,10.94,10.7,10.41,10.23,10.02,10.14,10.04,9.98,9.85,9.82,9.74,9.53,9.26,9.09,9.17,9.41,9.37,8.68,7.94,7.63,7.71
2020-05-01,7.77,7.68,7.57,7.46,7.37,7.28,7.19,7.12,7.14,7.14,7.12,7.11,7.41,7.59,7.64,7.69,7.71,7.66,7.6,7.5,7.42,7.3,7.17,6.99,6.86,6.8,6.76,6.81,7.05,7.17,7.17,7.39,7.44,7.64,7.93,8.19,8.56,8.41,8.33,9.16,8.93,8.42,8.56,9.76,10.69,10.93,11.03,12.08,12.72,12.39,11.58,13.32,14.31,14.19,12.79,13.0,13.42,13.28,12.42,10.38,9.65,10.77,11.72,11.3,9.73,9.26,10.0,9.01,8.62,8.81,9.43,9.88,9.88,9.75,9.88,10.0,9.56,9.49,9.44,9.33,9.45,9.59,9.46,9.23,8.8,8.43,8.23,8.14,7.95,7.7,7.46,7.33,7.28,7.24,7.18,7.11
2020-05-02,7.29,7.17,7.07,6.96,6.79,6.61,6.46,6.32,6.21,6.13,6.08,6.07,6.08,6.09,6.11,6.11,6.33,6.44,6.48,6.57,6.66,6.82,7.0,7.1,7.18,7.23,7.31,7.43,7.88,8.13,8.25,7.62,7.55,7.58,7.87,8.84,9.01,9.45,9.96,10.3,10.61,10.8,10.8,10.8,11.29,11.63,11.49,10.61,10.49,11.41,12.53,13.13,13.52,13.3,12.11,11.05,11.05,11.58,13.01,13.89,13.92,14.04,13.95,14.06,14.6,14.85,14.41,14.03,13.69,13.57,13.48,13.19,12.89,12.41,11.87,11.24,10.18,9.84,9.9,9.79,9.06,7.95,6.8,6.19,6.55,6.87,6.88,6.87,6.67,6.05,5.63,5.01,4.6,4.32,3.69,3.49
2020-05-03,3.15,3.31,3.26,3.21,3.19,3.24,3.5,3.65,3.58,3.38,3.08,2.7,2.84,3.18,3.42,3.76,3.89,4.01,4.2,4.41,4.41,4.31,4.61,5.13,5.9,7.04,8.2,9.22,10.36,11.18,11.99,12.74,13.38,13.87,14.28,14.72,15.16,15.45,15.73,16.06,16.22,16.64,17.24,17.41,16.88,16.65,16.96,17.25,17.3,17.4,17.27,16.98,17.54,18.4,18.4,18.13,18.05,18.45,18.82,18.74,18.67,18.75,18.81,18.29,17.38,17.03,17.04,17.08,17.23,17.36,17.36,17.17,17.24,17.25,15.95,14.25,13.38,12.92,12.7,12.58,12.62,12.58,12.45,12.17,11.72,11.69,11.8,11.9,11.82,11.93,12.01,11.9,11.78,11.78,11.77,11.73
2020-05-04,9.99,9.89,9.72,9.63,9.4,9.16,9.15,9.12,8.92,8.57,8.28,8.04,7.88,7.46,7.1,6.93,6.96,6.65,6.44,6.22,6.7,7.12,7.36,7.54,7.83,8.09,8.29,8.54,8.89,9.23,9.6,9.96,10.23,10.4,10.62,10.93,11.13,11.13,11.12,11.2,11.27,11.32,11.39,11.71,12.24,12.88,13.55,14.16,14.6,14.42,13.71,13.56,14.38,14.85,15.17,15.55,15.84,15.71,15.51,15.63,15.72,15.28,14.73,14.74,15.23,15.54,15.78,15.76,14.63,13.84,13.91,13.96,13.76,13.53,13.24,12.65,11.72,11.22,11.22,11.07,10.81,10.18,10.06,10.03,10.02,10.1,10.1,10.08,9.84,9.47,9.15,8.87,8.7,8.51,8.29,8.13
2020-05-05,7.22,6.98,6.72,6.5,6.27,6.05,5.86,5.65,5.46,5.28,5.08,4.87,4.71,4.57,4.42,4.31,4.2,4.09,4.02,3.96,4.11,4.24,4.53,4.81,5.18,5.61,6.17,6.8,7.48,8.26,9.02,9.61,10.12,10.55,11.01,11.44,11.81,12.16,12.47,12.67,12.8,12.97,13.18,13.45,13.71,13.96,14.18,14.35,14.46,14.48,14.45,14.45,14.53,14.7,14.92,15.13,15.33,15.48,15.42,15.23,15.13,15.08,14.96,14.82,14.73,14.68,14.63,14.55,14.44,14.27,13.99,13.68,13.42,13.19,12.85,12.37,11.91,11.53,11.23,10.9,10.52,10.03,9.57,9.22,8.9,8.56,8.24,7.92,7.59,7.31,7.0,6.72,6.44,6.17,5.87,5.55
2020-05-06,5.66,5.49,5.21,4.87,4.6,4.29,4.01,3.74,3.56,3.36,3.18,3.06,2.83,2.68,2.58,2.52,2.52,2.52,2.58,2.65,2.84,3.07,3.26,4.23,5.22,6.1,6.91,7.8,8.4,8.96,9.55,10.2,10.76,11.19,11.63,12.01,12.39,12.73,12.92,13.04,13.21,13.4,13.63,13.88,14.15,14.44,14.76,15.05,15.31,15.53,15.73,15.97,16.21,16.39,16.48,16.49,16.48,16.49,16.51,16.52,16.51,16.5,16.47,16.41,16.35,16.24,16.15,16.05,15.95,15.88,15.76,15.55,15.26,14.92,14.45,13.57,12.79,12.27,11.73,10.94,10.49,10.07,10.36,10.71,10.76,10.45,10.1,10.05,10.14,10.07,9.81,9.44,9.09,8.88,8.34,7.06
2020-05-07,9.53,9.25,8.98,8.36,7.09,6.1,5.62,5.33,5.3,5.02,4.98,5.12,5.26,5.16,5.01,5.02,5.09,5.3,5.46,5.43,5.04,5.38,6.23,7.45,8.55,9.34,10.19,11.16,12.04,12.76,13.43,14.13,14.73,15.01,15.41,15.68,15.89,16.2,16.4,16.64,16.93,17.07,17.15,17.34,17.58,17.82,18.01,18.18,18.32,18.45,18.68,18.96,19.23,19.51,19.77,19.94,20.03,20.03,19.97,19.86,19.78,19.75,19.73,19.72,19.73,19.73,19.69,19.59,19.45,19.3,19.11,18.84,18.51,18.08,17.28,16.01,15.76,15.64,15.18,15.05,14.88,14.97,15.09,14.59,14.72,14.43,13.86,13.67,13.49,13.34,13.26,13.09,12.85,12.78,12.66,12.6
2020-05-08,11.7,11.22,10.81,10.46,9.91,9.79,9.52,9.78,10.18,10.16,10.18,10.35,10.36,10.24,10.22,10.0,9.71,9.53,8.98,8.69,8.41,8.86,8.93,10.04,10.94,11.86,12.86,13.81,14.85,15.71,16.54,17.14,17.69,18.1,18.51,18.92,19.16,19.54,19.94,20.19,20.29,20.5,20.75,20.95,20.99,21.05,21.18,21.34,21.51,21.71,21.93,22.11,22.21,22.21,22.16,22.12,22.18,22.38,22.64,22.84,22.83,22.71,22.69,22.75,22.73,22.63,22.49,22.38,22.25,22.07,21.79,21.46,21.13,20.82,20.42,19.94,19.44,18.93,18.41,17.96,17.52,17.21,17.49,17.5,17.1,16.81,15.83,15.99,16.04,15.89,15.55,15.33,14.75,14.14,13.57,13.18
2020-05-09,12.18,11.89,11.63,11.31,11.14,11.2,11.11,10.94,10.86,10.79,10.58,10.11,9.74,9.53,9.36,9.33,9.35,9.48,9.48,9.56,9.62,9.78,9.94,10.28,10.61,10.97,11.46,11.95,12.38,12.74,13.05,13.33,13.64,14.02,14.71,15.71,17.01,17.99,18.94,19.68,20.59,21.17,21.86,22.45,22.98,23.44,23.71,23.54,23.54,23.22,22.99,22.85,23.05,23.26,22.77,21.74,21.39,21.61,21.8,21.83,22.05,22.05,21.73,21.1,20.55,20.11,19.96,20.03,20.05,20.25,20.47,20.61,20.42,20.34,20.09,19.75,19.41,19.16,19.02,18.87,18.5,18.11,17.57,17.52,17.01,17.14,16.89,16.76,17.24,17.05,16.52,16.12,15.88,15.76,15.62,15.51
2020-05-10,15.93,15.94,15.85,15.65,15.45,15.52,15.66,15.65,15.64,15.61,15.49,15.22,15.2,15.19,14.95,14.53,14.68,14.52,13.82,13.51,13.42,13.41,13.63,13.65,13.87,13.95,14.02,14.41,14.35,14.36,14.53,14.91,15.72,16.27,16.71,17.2,17.65,18.08,18.51,18.94,19.27,19.52,19.75,19.95,20.09,20.23,20.39,20.47,20.42,20.5,19.88,18.86,17.93,16.9,16.52,16.42,16.3,16.31,16.2,15.93,15.69,15.29,14.92,14.58,14.31,14.21,14.11,13.96,13.86,13.82,13.61,13.05,12.44,11.97,11.42,11.01,10.58,9.99,9.4,8.87,8.37,7.89,7.46,7.1,6.76,6.43,6.13,5.86,5.62,5.43,5.3,5.16,5.0,4.83,4.66,4.47
2020-05-11,5.61,5.46,5.32,5.18,4.92,4.73,4.57,4.39,4.25,4.08,3.93,3.78,3.59,3.45,3.38,3.36,3.36,3.37,3.38,3.38,3.45,3.5,3.59,3.66,3.75,3.83,3.9,3.97,4.08,4.25,4.51,4.88,5.27,5.62,6.01,6.45,6.71,6.89,7.14,7.48,7.88,8.22,8.48,8.5,8.5,8.79,9.17,9.67,10.26,10.8,11.21,11.47,11.53,11.6,11.66,11.73,11.76,11.8,12.15,12.48,12.37,12.4,12.53,12.7,12.55,12.06,11.54,11.1,10.71,10.35,9.89,9.48,9.15,8.76,8.43,8.13,7.86,7.64,7.32,6.99,6.68,6.38,6.07,5.81,5.65,5.55,5.43,5.31,5.16,5.0,4.84,4.68,4.5,4.28,4.03,3.71
2020-05-12,2.94,2.69,2.41,2.06,1.64,1.51,1.28,0.92,0.61,0.37,0.04,-0.37,-0.59,-1.0,-1.31,-1.56,-1.91,-1.92,-2.1,-2.12,-1.94,-1.44,-0.42,0.78,1.78,2.6,3.31,3.78,4.18,4.61,4.98,5.51,5.93,6.32,6.74,7.06,7.23,7.55,7.95,8.2,8.33,8.45,8.62,8.84,9.05,9.24,9.39,9.52,9.65,9.79,9.93,10.06,10.19,10.31,10.44,10.57,10.71,10.84,10.93,10.94,10.84,10.68,10.51,10.35,10.27,10.45,10.89,10.75,10.39,10.2,10.25,10.2,9.96,9.72,9.43,9.03,8.53,8.09,7.64,7.18,6.62,6.15,6.27,6.18,6.05,5.91,5.71,5.59,5.64,5.63,5.38,5.26,5.15,5.01,4.9,4.68
2020-05-13,4.52,4.31,4.05,4.08,4.46,4.3,4.12,3.92,3.67,3.43,3.28,3.25,3.19,2.8,2.5,1.68,1.21,0.91,0.66,0.46,0.36,0.79,1.83,3.24,4.69,5.26,5.94,6.67,7.42,8.02,8.5,8.97,9.23,9.62,9.99,10.17,10.34,10.64,10.96,11.26,11.45,11.46,11.39,11.44,11.6,11.81,12.03,12.23,12.41,12.62,12.83,12.98,13.03,13.0,12.91,12.86,12.94,13.17,13.45,13.52,13.26,13.05,12.99,12.98,13.11,13.19,12.77,11.93,11.91,12.25,12.45,12.11,11.56,11.14,10.75,10.42,10.16,9.83,9.4,9.09,8.83,8.49,7.97,7.28,6.92,6.54,6.24,6.1,6.06,5.93,5.73,5.54,5.36,5.15,5.02,4.97
2020-05-14,3.38,3.19,3.02,2.89,2.76,2.62,2.46,2.27,2.04,1.83,1.65,1.47,1.29,1.1,0.9,0.71,0.5,0.3,0.12,-0.04,0.21,0.37,0.48,0.64,0.95,1.4,1.97,2.67,3.42,4.19,4.88,5.46,5.86,6.21,6.54,6.89,7.29,7.73,8.16,8.59,9.06,9.53,9.86,10.08,10.3,10.56,10.88,11.31,11.78,12.16,12.22,12.14,12.29,12.51,12.61,12.71,12.82,12.87,12.89,12.86,12.86,12.92,12.9,12.87,12.97,12.89,12.7,12.57,12.47,12.28,12.03,11.88,11.75,11.66,11.46,11.05,10.74,10.46,10.06,9.66,9.29,8.98,8.67,8.32,7.98,7.66,7.33,6.99,6.65,6.34,6.07,5.79,5.5,5.22,4.98,4.76
2020-05-15,4.58,4.29,4.04,3.82,3.61,3.41,3.24,3.04,2.78,2.53,2.28,2.02,1.75,1.5,1.31,1.15,0.99,0.82,0.62,0.4,0.63,0.65,0.63,0.69,0.86,1.13,1.56,2.2,2.9,3.55,4.18,4.86,5.62,6.43,7.09,7.66,8.19,8.64,9.06,9.49,9.9,10.29,10.67,11.04,11.35,11.55,11.73,11.96,12.17,12.37,12.56,12.75,12.92,13.07,13.22,13.39,13.54,13.64,13.76,13.87,13.85,13.74,13.65,13.61,13.6,13.41,12.87,12.48,12.63,12.62,12.42,12.3,12.21,12.05,11.77,11.41,10.95,10.55,10.16,9.73,9.27,8.75,8.05,7.69,7.7,7.67,7.69,7.49,7.32,7.16,7.06,6.86,6.24,6.41,5.74,5.82
2020-05-16,5.3,5.23,5.15,5.13,4.97,4.8,4.41,3.93,3.46,3.09,2.86,3.1,2.95,2.86,2.24,2.1,2.07,2.04,2.08,2.17,2.99,4.06,4.97,5.7,6.53,7.52,8.32,9.02,9.91,10.51,11.16,11.63,12.0,12.37,12.47,12.81,13.0,13.17,13.6,13.9,13.94,13.84,13.86,13.91,13.92,13.99,14.13,14.32,14.51,14.7,14.94,15.24,15.6,15.82,15.82,15.77,15.78,15.78,15.78,15.88,15.86,15.59,15.46,15.44,15.58,15.77,15.78,15.64,15.37,15.08,14.63,14.31,13.98,13.51,13.25,13.24,13.12,12.89,12.13,11.41,11.17,10.99,10.63,10.35,9.97,9.61,9.36,9.09,8.75,8.45,8.21,7.97,7.7,7.45,7.25,7.07
2020-05-17,5.61,5.49,5.37,5.17,4.94,4.88,4.83,4.92,4.92,5.21,5.18,5.03,5.08,5.21,5.36,5.47,5.6,5.82,5.87,5.79,5.8,5.82,5.86,5.96,6.12,6.34,6.66,7.13,7.71,8.27,8.78,9.33,9.9,10.49,11.01,11.35,11.8,12.26,12.49,12.76,13.13,13.55,13.95,14.36,14.72,14.98,15.14,15.28,15.4,15.53,15.65,15.75,15.84,15.92,16.02,16.11,16.21,16.32,16.45,16.59,16.73,16.81,16.82,16.77,16.69,16.62,16.58,16.56,16.54,16.52,16.48,16.37,16.19,15.95,15.47,14.98,14.92,14.93,14.82,14.6,14.39,13.92,13.33,12.46,11.58,11.14,10.54,9.79,9.47,9.36,9.54,9.63,9.66,9.36,9.47,9.5
2020-05-18,9.36,9.75,10.21,10.42,10.5,10.55,10.57,10.56,10.48,10.32,10.11,9.84,9.59,9.31,9.06,8.65,8.31,8.07,7.94,8.21,8.58,8.92,9.21,9.43,9.64,9.85,10.13,10.52,10.91,11.15,11.31,11.59,12.08,12.53,12.96,13.43,14.06,14.58,15.14,15.63,16.02,16.39,16.74,17.08,17.42,17.77,18.18,18.6,18.98,19.26,19.46,19.58,19.67,19.81,19.99,20.17,20.38,20.64,20.84,20.89,20.83,20.82,20.92,21.09,21.22,21.3,21.29,21.27,21.41,21.54,21.32,21.0,20.56,20.08,19.7,19.31,18.8,18.28,17.49,16.46,16.12,15.96,15.66,15.29,14.89,14.37,13.98,13.64,13.27,12.96,12.61,12.0,11.12,10.78,10.71,10.11
2020-05-19,11.43,11.05,10.88,10.57,10.29,10.18,10.23,10.68,10.64,10.27,10.0,9.91,9.94,9.94,9.86,9.78,9.66,9.47,9.32,9.57,9.89,10.29,10.77,11.16,11.49,11.86,12.35,12.83,13.23,13.66,14.15,14.73,15.36,15.97,16.49,16.98,17.44,17.89,18.29,18.58,18.76,18.9,19.12,19.44,19.84,20.26,20.57,20.65,20.6,20.58,20.63,20.71,20.75,20.72,20.72,20.78,20.85,20.91,20.95,21.0,21.08,21.17,21.18,21.05,20.81,21.1,20.7,20.36,20.86,21.14,20.88,19.97,19.42,19.26,19.21,19.24,19.06,18.64,18.05,17.57,17.11,16.72,16.43,16.2,15.94,15.65,15.28,14.88,14.64,14.51,14.35,14.18,13.8,13.5,13.28,13.06
2020-05-20,12.44,12.03,11.78,11.65,11.49,11.27,11.06,10.88,11.05,11.32,11.35,11.31,11.49,11.68,11.79,11.88,11.95,11.97,11.94,11.9,11.95,11.99,12.08,12.14,12.21,12.28,12.38,12.53,12.73,12.98,13.33,13.75,14.25,14.82,15.35,15.72,16.18,16.63,17.1,17.62,18.15,18.54,18.69,18.88,19.13,19.33,19.5,19.63,19.77,19.92,20.08,20.24,20.39,20.57,20.78,20.96,21.04,21.03,21.0,20.96,20.91,20.89,20.98,21.21,21.56,21.85,21.86,21.67,21.45,21.31,21.18,20.97,20.68,20.38,20.06,19.69,19.22,18.89,18.49,18.09,17.82,17.66,17.53,17.37,17.2,16.95,16.6,16.21,15.86,15.55,15.28,15.13,15.23,15.31,15.28,15.17
2020-05-21,14.46,14.0,13.53,13.14,12.71,12.41,12.21,12.07,12.06,12.01,12.1,12.3,12.05,11.65,11.7,11.71,11.97,12.48,12.76,13.12,13.42,13.72,14.17,14.63,15.07,15.48,15.9,16.39,16.96,17.6,18.27,18.76,19.18,19.7,20.08,20.32,20.68,21.0,21.13,21.37,21.8,22.3,22.87,23.36,23.73,24.04,24.3,24.42,24.41,24.44,24.48,24.47,24.56,24.71,24.83,24.92,25.08,25.26,25.35,25.36,25.34,25.32,25.35,25.4,25.41,25.35,25.22,25.09,24.96,24.85,24.75,24.59,24.39,24.14,23.72,22.89,22.2,22.12,21.9,21.84,21.79,21.45,20.81,19.89,19.37,19.03,18.86,18.43,17.49,17.14,16.71,16.57,16.76,16.72,16.57,16.46
2020-05-22,16.4,16.15,16.06,16.1,15.71,16.28,16.53,16.62,16.71,16.85,17.09,17.37,17.72,18.0,18.14,18.32,18.62,18.71,18.57,18.56,18.7,18.86,18.98,19.14,19.35,19.5,19.65,19.84,20.09,20.34,20.64,20.93,21.08,21.17,21.27,21.34,21.32,21.36,21.47,21.58,21.68,21.86,22.06,22.26,22.37,22.48,22.59,22.63,22.67,22.72,22.72,22.68,22.37,22.12,21.53,22.28,22.6,22.57,22.17,21.62,21.18,20.51,19.78,19.22,18.82,18.4,18.38,18.36,18.46,18.45,18.28,18.11,17.97,17.82,17.64,17.49,17.32,17.17,16.99,16.84,16.72,16.62,16.54,16.45,16.33,16.22,16.12,16.01,15.88,15.77,15.65,15.53,15.4,15.26,15.14,15.05
2020-05-23,13.42,13.37,13.39,13.26,13.07,12.91,12.79,12.7,12.63,12.55,12.47,12.39,12.26,12.14,12.02,11.89,11.72,11.57,11.47,11.51,11.55,11.61,11.69,11.79,11.91,11.97,11.98,12.04,12.23,12.36,12.45,12.57,12.49,12.6,13.03,13.19,13.14,13.5,13.72,14.25,13.33,12.98,14.14,14.68,15.23,15.32,15.51,15.5,15.85,16.07,16.16,16.64,16.12,16.97,17.2,17.02,16.88,16.41,16.89,16.89,17.76,17.59,17.43,17.57,16.67,17.13,17.15,16.49,16.29,16.38,15.99,15.61,15.86,15.48,15.03,14.86,14.5,14.27,13.92,13.57,13.26,12.97,12.73,12.54,12.37,12.2,12.0,11.79,11.59,11.41,11.2,10.98,10.87,10.78,10.72,10.68
2020-05-24,10.29,10.21,10.1,9.93,9.78,9.68,9.62,9.58,9.64,9.69,9.71,9.7,9.67,9.66,9.65,9.64,9.59,9.55,9.51,9.56,9.5,9.47,9.52,9.52,9.72,9.89,10.12,10.36,10.56,10.9,11.31,11.7,11.83,11.98,12.26,12.83,13.3,13.52,13.41,13.36,13.76,14.1,14.17,13.88,13.84,14.18,14.77,15.41,15.72,15.99,16.28,16.39,16.14,16.15,16.26,15.88,15.48,15.81,16.83,16.58,15.14,14.92,14.99,14.74,14.71,15.26,16.01,15.72,13.9,14.02,14.86,15.19,15.24,15.1,14.85,14.68,13.88,13.25,12.83,12.49,12.12,11.68,11.42,11.31,11.34,11.19,11.31,11.36,11.37,11.34,11.27,11.19,11.1,11.05,11.02,10.96
2020-05-25,11.63,11.75,11.74,11.65,11.58,11.52,11.43,11.35,11.26,11.19,11.13,11.06,11.01,10.96,10.93,10.9,10.89,10.86,10.82,10.78,10.74,10.67,10.67,10.66,10.69,10.76,10.91,11.15,11.45,11.79,12.07,12.27,12.5,12.87,13.38,13.91,14.34,14.75,15.23,15.42,15.58,15.81,16.09,16.37,16.79,17.2,17.55,17.8,17.32,17.01,17.16,18.0,18.55,19.21,19.6,18.56,17.32,17.74,18.61,18.92,19.32,19.88,20.15,20.04,19.9,19.98,20.1,20.06,20.1,20.04,19.53,19.51,19.68,19.28,18.8,18.54,18.17,17.68,17.25,16.91,16.5,16.07,15.68,15.33,15.0,14.69,14.41,14.19,13.93,13.58,13.26,13.0,12.78,12.56,12.29,12.02
2020-05-26,11.63,11.47,11.2,10.94,10.99,10.91,10.71,10.46,10.12,9.63,9.25,8.95,8.46,7.68,6.97,6.48,6.76,6.75,6.3,6.87,7.65,7.84,8.42,8.67,8.79,9.17,9.82,10.76,11.66,12.38,13.17,13.81,14.43,15.01,15.52,15.96,16.38,16.78,17.11,17.36,17.63,17.9,18.15,18.4,18.64,18.87,19.07,19.27,19.44,19.59,19.71,19.81,19.88,19.92,19.94,19.99,20.06,20.13,20.17,20.17,20.15,20.14,20.14,20.14,20.1,20.03,19.94,19.85,19.83,19.91,19.86,19.61,19.37,19.27,19.07,18.61,18.08,17.5,16.51,16.23,16.01,15.7,15.27,15.29,15.16,14.83,14.39,13.95,13.66,13.63,13.44,13.45,14.14,14.14,14.03,14.15
2020-05-27,13.17,13.26,12.31,11.39,11.16,10.73,10.34,10.03,10.02,9.85,9.62,9.42,9.21,9.15,9.09,8.81,8.82,8.66,8.66,8.87,9.44,10.22,11.41,12.48,13.44,14.25,15.06,15.65,16.22,16.61,17.08,17.5,17.91,18.3,18.6,18.96,19.31,19.59,19.85,20.13,20.42,20.69,20.91,21.06,21.08,21.07,21.12,21.27,21.54,21.75,21.7,21.48,21.32,21.37,21.51,21.58,21.62,21.43,20.85,20.88,21.2,21.69,21.78,21.32,21.02,21.04,20.84,20.56,20.42,20.32,20.39,20.6,20.3,19.89,19.73,19.52,19.14,18.74,18.31,17.99,17.75,17.37,16.97,16.59,16.27,15.92,15.48,15.07,14.75,14.5,14.26,13.91,13.52,13.14,12.82,12.54
2020-05-28,11.72,11.52,11.33,11.17,11.03,10.92,10.84,10.78,10.7,10.59,10.45,10.28,9.98,9.64,9.27,8.89,8.58,8.35,8.26,8.32,8.3,8.26,8.32,8.53,8.83,9.22,9.77,10.45,11.07,11.59,12.09,12.55,13.03,13.54,14.04,14.45,14.78,15.13,15.48,15.81,16.12,16.43,16.75,17.09,17.42,17.6,17.76,17.99,18.18,18.29,18.4,18.51,18.63,18.76,18.84,18.89,18.95,19.01,19.06,19.11,19.17,19.26,19.39,19.55,19.49,19.02,18.76,18.93,18.92,18.39,18.23,18.16,17.77,17.56,17.29,16.91,16.53,16.23,15.87,15.57,15.3,15.03,14.75,14.45,14.1,13.78,13.47,13.17,12.85,12.54,12.24,11.96,11.67,11.4,11.1,10.77
2020-05-29,9.82,9.35,8.95,8.59,8.32,8.05,7.88,7.71,7.5,7.23,7.03,6.86,6.68,6.51,6.36,6.26,6.25,6.26,6.25,6.45,6.68,6.96,7.49,8.24,9.05,9.74,10.47,11.33,12.2,12.94,13.57,14.17,14.79,15.3,15.74,16.25,16.7,17.02,17.27,17.54,17.81,18.07,18.28,18.47,18.62,18.76,18.93,19.09,19.19,19.28,19.38,19.47,19.51,19.54,19.63,19.74,19.84,19.97,20.06,20.07,20.06,20.13,20.27,20.44,20.48,20.37,20.24,20.17,20.15,20.21,20.18,19.85,19.37,19.05,18.83,18.61,18.35,18.1,17.61,17.01,16.23,16.31,16.73,16.47,15.66,15.59,15.42,15.16,14.73,14.36,14.01,13.67,13.26,12.97,13.09,13.16
2020-05-30,14.08,13.93,13.81,13.69,13.44,13.1,12.74,12.37,11.93,11.4,10.93,10.66,10.51,10.42,10.32,10.15,10.01,9.87,9.64,9.98,10.54,11.1,11.62,12.26,12.89,13.5,14.15,14.84,15.48,16.01,16.48,16.87,17.2,17.49,17.71,17.91,18.17,18.48,18.84,19.22,19.54,19.78,19.89,19.9,19.97,20.09,20.25,20.41,20.53,20.78,21.13,21.25,21.31,21.42,21.2,20.9,20.82,20.93,21.21,21.45,21.32,21.73,22.15,21.21,21.33,21.71,21.66,21.36,21.14,21.01,20.82,20.67,20.28,19.87,19.39,18.8,18.54,18.42,18.04,17.7,17.42,17.15,16.83,16.5,16.16,15.79,15.43,15.16,14.96,14.74,14.46,14.09,13.7,13.37,13.08,12.84
2020-05-31,13.3,13.03,12.66,12.2,11.73,11.2,10.99,11.07,11.07,10.94,10.72,10.35,9.95,9.63,9.38,9.15,8.8,8.85,8.86,9.28,9.67,10.09,10.69,11.27,11.91,12.62,13.32,14.0,14.5,14.84,15.01,15.24,15.57,15.92,16.23,16.52,16.79,17.01,17.09,17.25,17.56,17.94,18.31,18.57,18.74,18.95,19.2,19.37,19.54,19.76,19.99,20.14,20.2,20.32,20.56,20.8,20.97,21.16,21.21,21.15,21.13,21.13,21.08,20.91,20.69,20.43,20.28,20.1,20.01,20.05,19.77,19.58,19.59,19.59,18.9,18.42,18.35,18.25,17.86,17.54,17.16,16.87,16.7,16.53,16.27,15.99,15.71,15.44,15.17,14.88,14.61,14.36,14.12,13.91,13.71,13.49
2020-06-01,13.72,13.34,12.94,12.55,12.24,11.99,11.78,11.6,11.4,11.2,11.02,10.89,10.78,10.67,10.59,10.53,10.5,10.42,10.32,10.41,10.69,11.19,11.79,12.33,12.89,13.51,14.17,14.87,15.61,16.33,16.95,17.56,18.21,18.82,19.34,19.8,20.19,20.5,20.73,20.95,21.18,21.4,21.61,21.8,21.96,22.13,22.3,22.5,22.72,22.95,23.18,23.34,23.41,23.41,23.38,23.42,23.59,23.74,23.75,23.83,23.99,24.19,24.53,25.14,24.84,24.65,24.96,24.62,24.37,24.42,24.22,23.72,23.6,23.7,23.62,23.21,22.63,22.05,21.29,20.4,20.16,20.21,20.01,19.77,19.74,19.64,19.37,19.03,18.68,18.35,18.03,17.64,17.11,16.53,16.29,16.21
2020-06-02,17.12,17.06,16.95,16.69,16.62,16.62,16.09,16.31,16.42,16.43,16.39,16.32,16.21,16.03,15.91,15.81,15.64,15.36,15.27,15.57,16.0,16.47,16.84,17.25,17.64,17.97,18.39,18.93,19.54,19.94,20.39,20.9,21.47,21.83,22.08,22.49,22.92,23.13,23.35,23.71,24.12,24.51,24.76,24.85,24.92,25.05,25.21,25.39,25.57,25.73,25.92,26.17,26.41,26.56,26.66,26.69,26.66,26.63,26.62,26.58,26.46,26.28,26.14,26.08,26.08,26.12,26.14,26.11,25.98,25.79,25.47,25.01,24.47,23.97,23.46,22.73,22.21,22.49,22.48,22.27,21.97,21.41,19.88,19.23,18.83,18.57,18.31,18.01,17.62,17.25,16.92,16.62,16.32,16.02,15.72,15.44
2020-06-03,14.34,14.21,14.11,14.01,13.83,13.69,13.63,13.48,13.19,12.89,12.54,12.22,12.04,11.88,11.83,11.69,11.23,10.9,11.23,11.41,11.77,12.13,12.36,12.33,12.47,12.73,13.02,13.23,13.5,13.71,13.81,13.95,14.24,14.72,15.28,15.86,16.19,16.78,17.36,17.96,18.65,19.26,19.57,19.86,20.15,20.33,20.32,20.36,20.31,20.3,20.42,20.55,20.68,20.83,20.96,21.11,21.23,21.26,21.31,21.35,21.15,20.78,20.53,20.77,20.74,20.74,20.88,21.09,21.16,21.13,20.96,20.68,20.4,20.16,19.92,19.71,19.63,19.46,18.73,18.21,17.95,17.68,17.36,17.08,16.78,16.39,15.96,15.53,15.21,14.81,14.42,14.1,13.78,13.42,13.14,12.93
2020-06-04,12.91,12.78,12.74,12.63,12.63,12.52,12.35,12.18,11.96,11.79,11.64,11.5,11.25,11.05,10.91,10.77,10.71,10.66,10.62,10.68,10.72,10.74,10.73,10.71,10.76,10.92,11.11,11.26,11.29,11.36,11.46,11.58,11.65,11.69,11.71,11.7,11.89,11.93,12.03,12.39,12.84,13.13,13.57,13.73,13.76,14.06,14.77,15.46,16.09,16.52,14.85,12.69,12.77,13.01,12.79,12.59,13.04,13.48,13.79,13.69,13.6,13.65,13.47,12.69,12.48,12.28,11.87,11.64,11.36,11.22,11.08,11.01,11.12,11.06,11.24,11.28,10.85,10.69,11.15,11.15,10.17,9.35,9.21,9.24,9.11,8.84,8.6,8.39,8.63,8.81,8.83,8.86,8.88,8.81,8.72,8.64
2020-06-05,7.5,6.77,6.45,6.76,6.8,6.8,6.95,6.9,6.7,6.65,6.79,6.89,7.34,7.53,7.68,7.9,8.08,8.17,8.28,8.44,8.52,8.7,8.87,9.03,9.3,9.55,9.77,9.72,9.77,9.77,9.84,9.93,10.39,10.24,10.0,10.17,10.25,10.22,10.58,12.02,11.22,11.22,11.06,12.3,11.88,12.4,13.03,12.05,12.06,12.6,13.04,13.49,14.3,15.25,15.09,15.28,15.24,15.66,15.44,12.19,10.58,11.39,11.75,11.64,10.24,9.35,9.22,8.9,9.01,9.08,9.06,9.03,8.74,8.74,8.83,8.78,8.69,8.45,8.23,8.37,8.19,8.09,8.11,8.13,8.11,8.04,7.94,7.94,8.19,8.25,8.09,8.03,8.12,8.29,8.3,8.27
2020-06-06,8.37,8.4,8.53,8.54,8.59,8.28,8.12,8.19,8.08,7.97,7.91,7.8,7.59,7.38,7.27,7.21,7.21,7.3,7.49,7.86,8.11,8.29,8.52,8.81,9.11,9.37,9.62,9.7,9.49,9.8,10.41,11.17,11.3,10.07,9.1,9.58,10.95,11.01,10.64,11.78,11.88,11.42,11.47,11.91,12.11,12.74,12.98,11.41,11.38,12.21,12.57,13.9,14.7,15.07,14.99,13.54,13.97,15.04,15.78,12.74,13.42,14.46,15.4,15.98,14.28,14.48,14.09,14.46,15.22,15.19,14.73,14.13,13.31,13.16,13.09,13.02,12.97,12.74,12.2,11.84,11.57,11.36,11.14,10.9,10.84,10.74,10.53,10.4,10.32,10.21,10.04,9.82,9.64,9.52,9.41,9.33
2020-06-07,8.77,8.72,8.67,8.61,8.77,8.77,8.45,8.29,8.25,8.15,7.94,7.93,7.88,7.91,7.94,7.86,7.85,7.92,7.96,8.05,8.17,8.31,8.53,8.73,8.82,8.98,9.16,9.22,9.35,9.52,9.77,10.08,10.34,10.69,11.36,12.36,13.0,13.61,14.17,14.67,15.03,15.27,15.57,15.81,15.99,16.02,15.41,15.26,15.29,15.81,16.47,16.88,17.42,17.54,16.98,16.63,16.47,16.55,16.97,18.17,18.54,18.16,17.57,17.16,17.13,16.82,17.02,17.72,17.6,17.42,17.2,16.99,16.8,16.7,16.45,15.95,15.52,15.06,14.47,13.82,13.15,12.76,12.94,12.95,12.63,12.18,12.54,12.75,12.6,12.26,11.53,11.02,11.02,11.1,10.95,10.52
2020-06-08,10.86,10.85,10.76,10.67,10.73,10.67,10.58,10.04,9.35,8.89,8.71,8.67,8.92,9.29,9.48,9.61,9.81,9.96,10.08,10.17,10.25,10.3,10.37,10.5,10.6,10.71,10.86,11.1,11.38,11.6,11.85,12.18,12.44,12.66,12.94,13.23,13.55,13.9,14.29,14.68,14.96,15.09,15.14,15.31,15.61,15.87,16.01,16.13,16.31,16.36,16.26,16.3,16.43,16.57,16.62,16.66,16.7,16.73,16.79,16.93,17.06,17.24,17.38,17.34,17.14,17.02,16.95,16.8,16.74,16.87,16.99,16.84,16.35,15.9,15.53,15.16,14.54,14.2,14.29,13.75,13.23,12.84,12.57,12.32,12.17,12.19,12.0,11.71,11.66,11.64,11.62,11.54,11.22,10.91,10.69,10.46
2020-06-09,10.87,10.72,10.64,10.56,10.33,10.1,9.88,9.69,9.6,9.48,9.36,9.24,9.11,8.98,8.85,8.73,8.6,8.48,8.41,8.32,8.33,8.35,8.41,8.52,8.67,8.83,9.0,9.17,9.32,9.44,9.6,9.83,10.08,10.4,10.82,11.3,11.77,12.28,12.85,13.46,14.06,14.59,15.14,15.66,16.01,16.16,16.19,16.31,16.5,16.66,16.78,16.91,17.07,17.24,17.34,17.4,17.46,17.55,17.65,17.73,17.81,17.9,18.0,18.08,18.15,18.23,18.27,18.28,18.24,18.21,18.16,18.03,17.79,17.52,17.26,17.0,16.71,16.48,16.15,15.82,15.41,15.08,14.88,14.73,14.58,14.35,14.12,13.91,13.81,13.52,13.16,12.81,12.47,12.14,11.83,11.56
2020-06-10,11.17,11.01,10.97,10.9,10.9,10.82,10.71,10.65,10.74,10.81,10.78,10.69,10.6,10.51,10.42,10.34,10.3,10.25,10.19,10.16,10.15,10.15,10.18,10.25,10.34,10.45,10.57,10.73,10.96,11.21,11.52,11.86,12.25,12.67,13.1,13.41,13.4,13.21,12.97,12.76,12.59,12.61,12.83,13.29,13.57,13.78,13.91,13.94,13.76,13.61,13.44,13.43,13.59,13.8,13.99,13.96,13.77,13.61,13.48,13.45,13.5,13.53,13.54,13.52,13.5,13.51,13.56,13.66,13.72,13.75,13.74,13.76,13.77,13.81,13.75,13.64,13.71,13.82,13.93,13.91,13.84,13.81,13.78,13.73,13.67,13.62,13.59,13.57,13.5,13.45,13.38,13.32,13.25,13.19,13.2,13.17
2020-06-11,12.67,12.62,12.5,12.37,12.28,12.49,12.59,12.61,12.57,12.53,12.54,12.62,12.68,12.65,12.77,12.75,12.52,12.18,12.12,12.26,12.52,12.91,13.18,13.44,13.68,13.98,14.32,14.68,15.04,15.39,15.69,15.98,16.24,16.44,16.67,17.01,17.36,17.59,17.65,17.8,18.0,17.85,17.29,16.12,16.42,17.0,17.74,18.14,18.61,17.98,16.69,16.49,17.46,18.3,19.08,19.33,18.51,17.67,17.2,18.09,17.62,17.58,18.2,19.04,19.44,18.48,16.81,16.47,16.66,17.01,17.25,17.26,17.02,16.95,16.93,16.66,16.46,16.35,16.05,16.1,16.12,15.95,15.69,15.33,15.22,15.27,15.21,15.17,14.94,14.75,14.53,14.3,14.17,14.32,14.18,14.0
2020-06-12,13.07,13.0,12.84,12.73,12.58,12.42,12.3,12.22,12.22,12.24,12.21,12.17,12.09,11.86,11.66,11.59,11.7,11.9,11.98,12.13,12.47,13.09,13.63,14.34,14.95,15.58,16.18,16.76,17.39,18.0,18.52,19.1,19.7,20.28,20.83,21.35,21.71,22.02,22.36,22.69,22.97,23.24,23.57,23.81,23.74,23.53,23.72,24.43,25.12,25.49,25.39,25.55,25.64,25.66,25.0,25.08,25.16,25.34,25.41,25.18,24.89,25.08,25.39,25.92,26.33,26.74,26.48,26.09,25.77,25.53,25.36,25.06,24.72,23.99,23.02,21.9,21.94,21.54,21.29,21.23,20.68,20.02,19.4,18.91,18.76,19.31,19.18,18.96,18.52,18.04,17.69,17.85,18.25,19.35,20.67,21.39
2020-06-13,18.04,17.85,17.7,17.51,17.25,16.89,16.7,16.86,16.75,16.34,16.08,16.06,16.35,16.58,16.6,16.59,16.39,16.01,15.85,15.93,16.0,16.08,16.34,16.73,17.2,17.66,18.02,18.37,18.66,18.82,19.06,19.39,19.73,20.05,20.34,20.55,20.77,21.01,21.21,21.38,21.6,21.92,22.34,22.7,22.91,23.05,23.17,23.3,23.42,23.54,23.69,23.84,23.88,23.95,24.01,23.29,22.62,22.43,22.94,23.51,23.67,23.75,23.68,23.46,22.97,23.0,23.3,23.6,23.83,23.96,24.05,24.04,24.06,23.92,23.63,23.16,22.42,21.58,21.02,20.89,20.26,19.93,19.62,19.56,19.25,19.36,19.39,19.15,18.25,18.32,18.45,18.56,18.44,18.06,17.66,17.21
2020-06-14,15.85,16.62,16.2,15.82,15.72,15.77,15.9,16.1,16.1,16.06,15.92,15.77,15.32,14.91,14.69,14.58,14.61,14.72,14.82,14.95,15.27,15.53,15.76,16.03,16.17,16.27,16.34,16.4,16.23,15.88,15.52,15.24,15.16,15.26,15.65,16.38,17.01,17.48,17.83,18.03,18.33,18.61,18.95,19.36,19.87,20.39,20.91,21.48,21.78,21.77,21.6,21.44,21.51,21.94,22.34,22.08,20.92,20.83,21.18,21.1,20.97,20.81,20.4,19.88,19.76,19.81,19.47,19.16,19.18,18.91,18.47,18.23,18.13,18.01,17.86,17.74,17.66,17.62,17.57,17.55,17.51,17.46,17.42,17.33,17.17,17.07,16.95,16.87,16.77,16.9,17.23,17.49,17.51,17.28,16.84,16.33
2020-06-15,13.67,13.4,13.01,12.42,12.02,11.83,11.56,11.4,11.33,11.19,11.33,11.66,11.87,12.2,12.51,12.73,12.98,13.13,13.36,13.62,14.04,14.38,14.76,15.06,15.42,15.93,16.51,16.95,17.33,17.72,18.1,18.43,18.68,18.92,19.12,19.29,19.47,19.71,20.04,20.27,20.34,20.55,20.9,21.19,21.38,21.49,21.58,21.69,21.85,21.9,21.82,21.78,21.96,22.39,22.84,23.01,23.16,23.41,23.56,23.5,23.39,23.33,23.4,23.22,22.33,21.77,22.1,22.59,22.57,22.27,21.88,21.74,21.65,21.55,21.39,20.98,20.42,20.35,20.45,20.19,19.27,18.62,17.96,18.01,17.99,17.52,17.4,16.9,16.55,16.43,15.99,15.86,15.71,15.39,15.29,15.64
2020-06-16,16.09,15.99,15.84,15.81,15.9,15.9,15.83,15.75,15.62,15.47,15.32,15.17,15.01,14.86,14.73,14.66,14.73,14.79,14.9,14.93,15.03,15.15,15.35,15.62,15.9,16.12,16.32,16.58,16.88,17.22,17.62,17.98,18.27,18.58,18.78,18.95,19.2,19.45,19.62,19.69,19.86,20.09,20.31,20.52,20.62,20.68,20.76,20.94,21.16,21.38,21.52,21.61,21.69,21.78,21.82,21.79,21.77,21.78,21.78,21.73,21.66,21.61,21.68,21.64,21.05,20.42,20.03,20.26,20.54,20.71,20.69,20.65,20.57,20.51,20.33,19.96,19.56,19.6,19.51,19.34,19.15,18.95,18.83,18.59,18.28,17.72,17.44,17.06,16.69,16.35,16.0,15.51,15.23,14.76,14.51,14.2
2020-06-17,14.35,14.05,14.02,13.87,13.68,13.31,13.09,13.03,12.87,12.79,12.72,12.68,12.7,12.73,12.75,12.76,12.64,12.86,13.04,13.28,13.63,14.05,14.47,15.01,15.66,16.13,16.66,17.1,17.48,17.99,18.49,18.73,19.12,19.55,19.9,20.21,20.59,20.91,21.14,21.4,21.63,21.76,21.76,21.98,21.97,21.53,20.84,21.03,21.2,21.15,21.43,21.55,20.66,19.87,19.39,19.07,19.14,19.2,19.26,18.55,18.04,17.85,17.91,18.06,17.32,16.75,16.43,16.27,16.03,15.64,15.25,15.05,14.86,14.7,14.55,14.36,14.3,14.15,13.95,13.96,13.83,13.7,13.61,13.51,13.43,13.33,13.32,13.26,13.18,13.13,13.12,13.14,13.13,13.07,12.87,12.74
2020-06-18,12.88,13.0,13.0,12.98,12.95,12.86,12.82,12.8,12.85,12.83,12.97,13.08,13.05,12.95,12.86,12.8,12.86,12.91,12.96,13.09,13.21,13.3,13.5,13.74,14.01,14.24,14.49,14.7,14.79,14.84,14.89,14.98,15.05,15.18,15.48,16.1,16.79,17.21,17.5,17.78,17.78,17.89,18.1,18.66,19.33,19.7,19.68,19.77,19.94,20.14,20.04,20.33,20.61,21.14,21.34,21.12,21.6,21.74,21.91,21.83,21.76,21.7,21.45,21.56,21.81,22.04,22.2,22.6,22.68,22.0,21.16,20.77,20.74,20.73,20.64,20.48,20.12,19.76,19.27,18.7,18.0,17.54,17.55,17.62,17.57,17.29,16.98,16.81,16.68,16.49,16.3,16.1,15.85,15.6,15.36,15.14
2020-06-19,12.8,12.63,12.49,12.43,12.39,12.35,12.28,12.21,12.17,12.2,12.28,12.35,12.39,12.43,12.55,12.72,13.0,13.11,13.23,13.32,13.48,13.66,13.86,14.13,14.48,14.88,15.28,15.6,15.93,16.32,16.75,17.2,17.58,17.92,18.2,18.47,18.8,19.16,19.43,19.52,19.57,19.61,19.5,19.36,19.49,19.6,19.78,19.85,19.99,20.16,20.51,20.79,20.8,20.68,20.55,20.95,21.28,21.72,21.97,21.7,20.87,20.69,21.2,21.55,21.56,21.19,20.89,21.44,21.47,21.43,21.44,20.82,19.21,18.47,18.35,18.18,17.97,17.91,17.37,16.68,16.62,16.38,15.6,15.2,14.84,14.44,14.21,14.14,14.04,13.73,13.51,13.31,13.3,13.65,13.75,13.78
2020-06-20,12.81,12.4,12.53,12.83,12.9,13.1,12.84,12.79,12.54,12.13,11.95,11.89,11.73,11.37,11.04,10.9,11.12,11.29,11.53,11.78,12.08,12.44,12.75,13.05,13.36,13.68,14.02,14.36,14.68,15.02,15.37,15.71,15.98,16.23,16.62,17.04,17.4,17.73,18.05,18.34,18.6,18.86,19.13,19.43,19.77,20.14,20.45,20.61,20.49,20.27,20.11,20.14,20.37,20.57,20.82,21.29,21.75,21.89,21.68,21.41,21.27,21.25,21.34,21.4,21.37,21.33,21.3,21.25,21.15,21.05,20.94,20.84,20.76,20.69,20.58,20.44,20.38,20.27,20.04,19.78,19.56,19.32,19.05,18.81,18.48,17.98,17.08,16.05,15.37,15.01,14.59,14.05,14.01,13.88,13.64,13.41
2020-06-21,14.18,13.99,13.74,13.39,13.2,12.77,12.67,12.53,12.52,12.51,12.31,11.76,11.65,11.68,11.57,11.36,11.55,11.91,12.26,12.87,13.55,14.22,14.83,15.49,16.25,16.82,17.14,17.35,17.74,18.22,18.76,19.15,19.28,19.44,19.66,19.81,20.09,20.44,20.66,21.18,21.79,22.26,22.51,22.73,22.96,23.08,23.34,23.78,23.55,23.21,23.73,23.55,22.49,21.55,22.79,22.65,19.93,20.06,21.8,22.74,22.58,20.01,18.68,19.84,20.56,21.03,20.95,20.12,20.62,21.06,21.03,20.27,18.59,17.0,16.27,16.01,15.74,15.92,16.1,16.29,16.58,16.93,17.1,17.0,16.42,15.83,15.34,14.97,14.39,13.94,13.62,13.47,13.34,13.09,12.8,12.42
2020-06-22,14.25,14.0,13.7,13.36,12.99,12.7,12.48,12.29,12.12,11.96,11.82,11.72,11.64,11.54,11.42,11.28,11.24,11.18,11.34,11.48,11.6,11.75,11.93,12.14,12.34,12.54,12.73,12.91,13.09,13.26,13.46,13.7,13.97,14.2,14.38,14.63,14.99,15.35,15.71,16.03,16.26,16.39,16.5,16.82,17.31,17.77,18.16,18.56,18.97,19.37,19.77,20.2,20.58,20.98,21.34,21.52,21.53,21.44,21.35,21.33,21.36,21.39,21.43,21.52,21.62,21.67,21.65,21.59,21.52,21.47,21.41,21.29,21.1,20.91,20.69,20.33,19.58,19.17,18.85,18.57,18.18,17.82,17.91,17.34,16.8,16.56,16.5,16.55,15.97,15.36,15.08,15.08,14.48,14.4,14.49,14.93
2020-06-23,15.05,15.06,14.81,14.62,14.39,14.13,13.84,13.65,13.51,13.24,12.77,12.67,12.46,12.23,11.94,11.63,11.59,11.65,11.85,12.58,13.52,14.55,15.57,16.53,17.39,18.07,18.77,19.35,20.0,20.45,20.93,21.38,21.6,21.93,22.17,22.43,22.92,23.41,23.73,24.01,24.27,24.48,24.64,24.8,24.96,25.12,25.26,25.36,25.43,25.51,25.65,25.81,25.95,26.03,26.13,26.32,26.59,26.82,26.86,26.86,26.9,26.87,26.82,26.78,26.7,26.64,26.66,26.63,26.53,26.45,26.34,26.17,25.94,25.67,25.34,24.97,24.59,24.23,23.77,23.39,22.93,22.51,22.23,22.0,21.72,21.58,21.34,20.93,20.52,20.18,20.06,20.03,19.89,19.58,19.23,18.96
2020-06-24,18.5,18.13,18.19,18.19,18.05,17.84,17.68,17.58,17.68,17.74,17.63,17.51,17.26,17.05,16.8,16.46,16.25,16.03,16.01,16.22,16.71,17.64,18.45,19.19,20.06,20.86,21.48,22.05,22.66,23.21,23.66,24.01,24.28,24.53,24.84,25.17,25.49,25.81,26.13,26.41,26.63,26.79,26.95,27.12,27.32,27.52,27.72,27.93,28.18,28.52,28.99,29.5,29.93,30.24,30.55,30.94,31.2,31.04,30.52,29.87,29.48,29.38,29.31,29.34,29.58,30.18,30.46,30.12,29.72,28.88,28.14,27.9,27.7,27.36,27.02,26.77,26.51,26.18,25.75,25.37,24.81,24.34,23.92,23.11,22.45,22.27,21.82,21.15,20.95,20.7,20.64,20.55,20.53,20.55,20.53,20.59
2020-06-25,21.57,21.36,21.11,20.9,20.66,20.41,20.19,19.99,19.78,19.59,19.37,19.16,18.99,18.8,18.59,18.4,18.35,18.26,18.33,18.35,18.48,18.72,19.07,19.46,19.87,20.28,20.74,21.27,21.81,22.29,22.72,23.15,23.57,23.94,24.12,24.17,24.44,24.77,25.09,25.44,25.76,26.07,26.41,26.79,27.09,27.22,27.2,27.22,27.53,27.77,27.93,28.13,28.24,28.27,28.28,28.23,28.31,28.4,28.42,28.46,28.5,28.48,28.43,28.38,28.41,28.64,28.97,29.0,28.42,27.2,25.57,24.27,23.59,23.18,22.9,22.76,22.33,22.02,21.79,21.49,21.29,21.09,20.97,20.83,20.6,20.38,20.16,20.07,20.07,20.13,20.19,20.13,20.05,19.98,19.93,19.85
2020-06-26,19.54,19.47,19.41,19.36,19.29,19.24,19.19,19.15,19.09,19.04,18.99,18.94,18.85,18.75,18.62,18.53,18.57,18.61,18.86,19.1,19.4,19.76,20.24,20.84,21.56,22.36,23.14,23.87,24.55,25.19,25.82,26.43,26.96,27.46,27.95,28.37,28.66,28.71,28.43,28.21,28.14,28.2,28.32,28.46,28.59,28.65,28.61,28.38,27.93,27.43,27.07,26.77,26.43,26.23,26.07,25.99,25.91,25.86,25.8,25.7,25.56,25.44,25.22,24.94,24.73,24.68,24.62,24.41,24.15,24.26,24.27,24.12,23.74,23.7,22.46,20.6,19.52,19.89,20.74,20.59,19.67,19.95,20.05,20.2,20.01,19.82,19.53,19.39,19.27,19.1,19.05,19.05,18.95,18.92,18.94,18.93
2020-06-27,16.72,16.74,16.91,16.89,16.98,17.06,17.17,17.3,17.23,17.16,17.13,17.16,17.18,17.2,17.18,17.13,17.22,17.27,17.49,17.89,18.47,19.01,19.43,19.7,19.78,19.74,19.74,19.81,20.05,20.28,20.32,20.26,20.58,20.8,20.89,20.85,21.51,22.02,22.7,22.89,23.05,23.79,23.94,24.41,24.94,24.83,25.03,25.25,25.61,25.88,26.23,26.5,26.07,25.92,26.4,26.48,25.79,26.0,25.5,26.13,25.84,25.42,25.53,24.9,25.49,25.15,25.11,25.01,24.17,23.9,23.66,23.16,21.83,19.68,18.59,19.02,18.72,18.93,19.18,19.05,18.72,18.34,18.09,18.22,17.98,17.61,17.55,17.41,17.32,17.05,16.89,16.86,16.74,16.73,16.57,16.28
2020-06-28,16.83,16.42,16.29,16.14,15.97,15.59,15.57,15.34,15.08,14.68,14.11,14.38,14.47,14.36,14.24,14.27,14.2,14.07,13.77,13.6,13.49,13.43,13.54,13.68,13.77,13.88,14.03,14.15,14.3,14.41,14.53,14.71,15.24,15.74,16.18,16.3,16.37,16.82,17.36,17.72,17.53,17.02,16.92,18.28,18.97,19.28,19.08,16.86,17.77,18.49,18.32,19.18,19.41,19.55,19.77,20.27,20.86,20.87,20.34,21.4,19.74,18.2,19.19,20.2,20.49,20.6,20.18,18.92,19.01,19.09,19.12,19.36,19.37,19.31,19.26,19.09,18.71,18.39,17.47,17.03,16.68,16.17,15.71,15.22,14.48,14.22,13.91,13.78,13.63,13.26,13.1,12.98,13.37,14.21,14.38,14.24
2020-06-29,12.13,12.27,13.25,13.53,13.17,12.79,12.83,12.89,13.01,13.01,12.9,12.68,12.69,12.78,12.78,12.83,12.89,12.9,12.88,12.82,12.76,12.74,12.78,13.08,13.37,13.62,13.79,13.88,13.99,14.0,14.12,14.44,14.77,15.15,15.73,15.41,15.43,15.76,16.16,16.76,16.6,16.4,16.23,16.53,17.64,17.81,16.87,16.44,16.9,17.88,18.26,17.4,16.52,16.34,17.25,17.14,17.7,17.94,18.49,19.19,19.36,18.95,19.01,18.62,18.49,18.33,18.04,17.6,17.58,17.51,17.73,17.68,17.25,16.97,16.73,16.5,16.25,16.08,15.85,15.56,15.14,14.73,14.53,14.41,14.07,13.87,13.79,13.9,13.92,13.87,13.53,13.22,12.92,12.95,13.08,13.1
2020-06-30,12.18,11.99,11.82,11.75,11.95,12.13,12.19,12.11,11.82,11.64,11.58,11.53,11.5,11.51,11.52,11.48,11.6,11.71,11.89,11.94,12.06,12.24,12.5,12.74,12.95,13.28,13.85,14.56,14.97,14.95,14.67,14.44,14.72,15.1,15.34,15.53,15.79,16.04,16.45,17.06,17.51,17.93,18.39,18.84,19.28,19.69,20.03,20.25,20.4,20.42,20.41,20.3,20.09,20.26,20.66,21.22,21.08,20.68,20.64,21.62,22.24,22.02,21.21,21.91,21.32,20.93,21.07,21.73,21.88,21.59,20.26,18.59,18.62,18.99,19.11,18.6,17.83,17.98,17.87,17.8,17.72,17.59,17.58,17.43,17.32,17.27,17.09,16.98,17.06,16.84,16.8,16.87,16.8,16.75,16.52,16.19
2020-07-01,16.9,16.95,17.06,17.18,17.23,17.19,17.13,17.12,17.19,17.22,17.21,17.16,17.09,17.03,16.99,16.95,16.94,16.93,16.99,17.02,17.12,17.23,17.38,17.58,17.83,18.07,18.34,18.6,18.73,18.74,18.68,18.79,18.95,18.9,18.87,18.88,18.95,19.31,19.77,20.16,21.4,22.4,22.68,22.51,23.02,23.25,23.07,23.37,22.63,22.02,20.45,18.55,20.17,21.09,21.33,21.44,21.32,21.51,22.19,22.41,21.9,21.54,21.45,21.45,21.4,21.11,20.65,19.8,19.63,19.51,19.38,19.15,19.02,18.92,18.85,18.83,18.74,18.66,18.47,18.26,17.99,17.62,17.35,17.3,17.32,17.31,17.28,17.21,16.99,16.74,16.53,16.43,16.49,16.47,16.36,16.22
2020-07-02,15.53,15.42,15.34,15.23,14.99,14.73,14.53,14.27,14.06,13.81,13.49,13.18,13.05,12.99,12.86,12.82,12.82,12.9,13.39,13.97,14.06,13.87,14.24,14.77,15.4,16.0,16.56,16.84,16.52,15.95,15.09,15.17,15.4,16.02,16.49,16.64,16.82,16.55,16.97,17.59,18.66,19.44,19.61,19.53,19.65,20.14,20.4,20.8,20.74,20.64,21.26,20.07,19.1,19.96,21.05,20.69,20.17,19.0,18.88,20.19,20.8,20.55,20.52,20.08,20.11,20.49,20.91,20.21,19.32,19.23,19.65,20.08,19.63,19.07,18.91,18.67,18.36,18.03,17.71,17.43,17.09,16.8,16.59,16.43,16.27,16.08,15.87,15.64,15.4,15.18,14.99,14.79,14.59,14.38,14.17,13.97
2020-07-03,13.37,13.16,13.03,12.96,12.91,12.83,12.73,12.64,12.54,12.45,12.36,12.28,12.2,12.11,12.03,11.94,11.97,11.97,12.09,12.25,12.45,12.66,12.84,12.92,12.97,13.04,13.12,13.23,13.37,13.54,13.76,14.1,14.7,15.33,15.88,16.27,16.63,17.04,17.49,17.87,17.9,17.83,17.76,17.78,18.17,18.6,18.84,18.57,18.7,19.13,19.7,19.94,19.13,18.85,19.77,20.6,21.09,20.84,20.67,21.29,20.82,20.43,21.04,20.75,20.55,20.54,20.8,20.91,20.73,20.43,20.01,19.6,19.48,19.7,19.68,19.51,19.12,18.8,18.42,17.97,17.41,17.18,17.09,16.96,16.8,16.71,16.57,16.36,16.3,16.17,16.0,15.86,15.79,15.75,15.7,15.63
2020-07-04,14.45,14.28,14.18,14.09,14.03,13.99,14.0,14.06,13.95,13.77,13.61,13.48,13.47,13.46,13.45,13.61,13.72,13.81,14.0,14.21,14.51,14.82,15.14,15.45,15.65,15.48,15.35,15.04,14.71,14.68,14.79,15.25,16.03,16.85,17.56,18.43,19.11,19.67,20.07,20.32,20.47,20.44,20.1,19.69,19.59,19.94,20.73,21.2,21.32,21.3,20.64,19.87,19.51,19.44,19.55,19.76,19.88,19.96,20.21,20.43,20.49,20.55,20.74,21.17,21.38,21.5,21.45,21.17,20.93,20.8,20.71,20.62,20.49,20.31,20.11,19.91,19.72,19.53,19.32,19.11,18.87,18.67,18.51,18.35,18.19,18.04,17.91,17.78,17.69,17.62,17.55,17.49,17.43,17.38,17.35,17.33
2020-07-05,17.72,17.7,17.69,17.67,17.64,17.63,17.57,17.53,17.52,17.51,17.52,17.49,17.45,17.41,17.38,17.42,17.43,17.43,17.46,17.46,17.49,17.57,17.69,17.8,17.9,17.92,18.0,18.17,18.29,18.4,18.53,18.72,18.94,19.16,19.39,19.61,19.79,20.0,20.24,20.43,20.68,20.95,21.11,21.24,21.41,21.58,21.7,21.81,21.83,21.88,22.23,22.66,22.77,22.36,21.92,21.89,22.24,22.33,22.21,21.51,20.83,20.34,21.21,21.95,22.5,22.45,22.05,20.14,18.64,18.66,19.05,19.16,19.0,18.73,18.1,17.71,17.38,17.24,17.17,17.08,16.86,16.66,16.53,16.27,15.99,15.74,15.49,15.23,14.96,14.69,14.41,14.16,13.89,13.65,13.38,13.05
2020-07-06,12.31,12.18,12.09,12.04,11.98,11.82,11.66,11.57,11.51,11.41,11.28,11.19,11.19,11.26,11.27,11.2,10.94,10.78,10.93,11.12,11.47,11.74,11.81,11.82,11.89,11.79,11.83,12.15,12.44,12.79,13.03,13.35,13.63,13.56,13.53,14.02,14.44,14.76,14.47,14.38,15.06,15.61,16.05,16.35,16.38,16.57,16.46,15.59,15.62,16.21,16.68,15.89,16.98,17.07,16.96,16.43,17.83,17.73,17.41,17.49,18.16,18.03,17.06,17.38,17.92,17.85,17.63,16.98,17.31,16.89,16.44,16.54,16.3,16.17,15.82,15.45,15.27,15.1,14.74,14.34,14.02,13.81,13.61,13.39,13.15,12.92,12.69,12.48,12.21,11.91,11.55,11.24,11.02,10.85,10.58,10.28
2020-07-07,9.69,9.76,9.44,9.19,9.13,8.96,8.79,8.64,8.46,8.28,8.29,8.44,8.41,8.46,8.6,8.69,8.75,8.81,9.14,9.59,10.05,10.53,11.05,11.63,12.32,12.84,13.33,13.88,14.51,15.15,15.79,16.37,16.78,17.2,17.62,17.9,18.12,18.28,18.39,18.48,18.61,18.6,18.82,19.26,19.55,19.49,19.4,19.69,20.16,20.14,20.31,20.47,20.16,20.56,21.01,20.6,20.53,20.88,21.11,21.09,20.87,20.71,20.9,21.03,21.24,21.68,21.43,20.68,20.35,20.43,20.44,20.2,19.96,19.82,19.59,19.07,18.98,18.86,18.38,18.12,17.94,17.82,17.56,17.19,16.84,16.67,16.31,15.74,15.95,16.25,16.29,16.12,15.77,15.53,15.28,14.95
2020-07-08,14.49,14.25,14.0,13.76,13.58,13.45,13.36,13.31,13.27,13.24,13.21,13.19,13.2,13.2,13.17,13.12,13.09,13.08,13.07,13.11,13.09,13.02,12.93,12.91,12.96,13.07,13.26,13.49,13.66,13.72,13.75,13.8,13.94,14.1,14.27,14.47,14.74,14.94,15.25,15.49,15.68,15.87,16.04,16.26,16.47,16.7,16.94,17.07,16.86,17.44,18.29,18.49,17.54,17.07,17.02,17.06,17.2,17.34,17.55,17.84,17.86,17.74,17.62,17.6,17.77,17.96,17.95,17.56,17.15,17.03,17.01,16.98,16.9,16.91,16.83,16.71,16.51,16.43,16.34,16.13,15.88,15.72,15.62,15.55,15.49,15.39,15.31,15.16,15.2,15.24,15.3,15.3,15.2,15.11,15.02,14.83
2020-07-09,15.53,15.34,15.25,15.21,15.26,15.3,15.31,15.32,15.36,15.42,15.48,15.53,15.58,15.61,15.64,15.67,15.72,15.75,15.78,15.85,15.92,16.01,16.12,16.28,16.37,16.43,16.49,16.57,16.71,16.88,17.09,17.38,17.78,18.22,18.71,19.23,19.74,20.16,20.65,21.19,21.65,22.08,22.49,22.89,23.27,23.65,24.04,24.33,24.52,24.71,24.91,25.11,25.33,25.55,25.63,25.76,26.05,26.27,26.25,26.13,26.08,26.18,26.31,26.23,25.96,26.14,25.9,24.16,23.81,24.13,24.45,24.22,23.84,23.49,23.2,21.81,20.98,20.8,20.78,20.81,20.67,20.4,20.11,19.89,19.59,19.34,19.16,18.97,18.92,18.78,18.56,18.29,17.94,17.68,17.49,17.46
2020-07-10,17.13,16.9,16.77,16.66,16.59,16.51,16.4,16.34,16.16,16.0,15.94,15.87,15.83,15.78,15.67,15.58,15.5,15.41,15.42,15.4,15.5,15.6,15.71,15.83,15.93,16.01,16.09,16.17,16.21,16.29,16.4,16.46,16.34,16.14,15.86,15.98,16.12,15.92,15.96,16.92,17.03,16.94,17.0,16.89,16.11,15.7,16.11,16.78,17.6,18.23,17.95,18.61,18.93,19.27,19.3,19.2,20.19,20.11,18.63,19.44,20.08,20.54,19.96,19.33,19.99,20.09,19.28,19.11,19.17,18.69,18.51,18.52,18.06,17.35,16.96,16.55,16.12,15.83,15.46,15.04,14.65,14.3,14.01,13.78,13.55,13.32,13.07,12.84,12.61,12.35,12.08,11.77,11.41,11.05,10.81,10.66
2020-07-11,10.33,9.75,9.31,9.15,9.04,9.09,9.15,9.08,8.97,8.75,8.53,8.15,7.75,7.32,6.91,6.61,6.6,6.58,7.08,7.66,8.2,8.73,9.73,10.58,11.47,12.15,12.89,13.33,13.77,14.1,14.43,14.72,15.15,15.48,15.71,15.97,16.24,16.51,16.77,17.0,17.17,17.31,17.45,17.62,17.78,17.9,18.05,18.19,18.34,18.55,18.79,18.95,18.99,19.04,19.16,19.36,19.4,19.25,19.15,19.24,19.38,19.45,19.42,19.38,19.43,19.26,18.84,18.81,18.94,19.07,18.96,18.65,17.89,17.01,16.79,16.46,16.35,16.29,16.16,15.64,15.85,15.96,15.63,15.33,14.76,14.24,13.86,13.5,13.23,13.03,12.84,12.64,12.46,12.19,11.87,11.55
2020-07-12,11.53,11.29,11.02,10.79,10.57,10.41,10.25,10.07,9.82,9.51,9.15,8.76,8.23,7.74,7.45,7.19,7.78,8.42,8.82,9.38,9.74,9.88,9.94,10.0,10.16,10.46,10.98,11.69,12.54,13.39,14.12,14.79,15.45,15.94,16.47,16.96,17.28,17.41,17.63,17.87,18.1,18.32,18.55,18.76,18.94,19.09,19.25,19.41,19.57,19.69,19.76,19.81,19.89,20.03,20.2,20.36,20.52,20.64,20.71,20.75,20.78,20.8,20.78,20.73,20.65,20.59,20.56,20.49,20.38,20.24,20.04,19.79,19.49,19.21,18.9,18.54,18.16,17.83,17.43,17.1,16.85,16.58,16.33,16.07,15.71,15.27,14.73,14.25,14.38,14.63,13.8,13.94,13.99,14.2,14.02,13.27
2020-07-13,13.53,13.23,12.94,12.57,11.81,10.79,9.99,9.61,9.28,9.56,9.7,9.7,9.57,9.28,8.79,8.53,8.46,8.58,9.31,9.97,10.79,11.68,12.44,13.36,14.14,14.83,15.57,16.41,17.01,17.61,18.37,18.96,19.31,19.83,20.01,20.27,20.68,21.06,21.29,21.5,21.79,22.04,22.19,22.34,22.49,22.64,22.76,22.84,22.88,22.91,22.95,22.99,23.01,23.0,22.98,22.94,22.91,22.89,22.89,22.9,22.94,22.98,23.01,23.03,22.98,22.92,22.84,22.72,22.59,22.49,22.37,22.24,22.08,21.82,21.41,20.88,19.84,19.2,19.11,19.0,18.45,17.81,17.86,18.04,17.9,17.73,17.59,17.35,16.96,16.52,16.14,15.82,15.53,15.26,15.01,15.1
2020-07-14,15.47,14.79,14.48,14.14,13.88,13.64,13.16,13.0,12.47,12.38,12.58,12.54,12.53,12.43,12.14,11.81,11.67,11.8,12.6,13.11,13.77,14.6,15.33,15.96,16.64,17.19,17.67,18.04,18.45,18.91,19.17,19.54,19.91,20.01,20.16,20.31,20.54,20.77,21.01,21.28,21.7,22.24,22.81,23.14,23.1,22.97,22.75,22.49,22.34,22.19,22.05,22.06,22.2,22.2,21.86,21.56,20.95,20.28,19.68,19.76,20.74,21.05,21.07,21.0,20.87,20.38,19.67,19.08,18.89,18.9,18.92,18.52,17.62,16.85,16.18,15.62,15.54,15.71,15.86,15.78,15.67,15.46,15.17,14.89,14.56,14.28,14.12,14.02,13.8,13.61,13.48,13.39,13.27,13.15,13.09,13.05
2020-07-15,13.93,13.89,13.53,13.2,12.93,12.64,12.45,12.31,12.06,11.79,11.67,11.65,11.38,11.11,10.98,10.84,10.86,10.86,10.85,11.01,11.19,11.44,11.74,12.03,12.16,12.27,12.38,12.6,12.82,12.92,13.14,13.5,13.88,14.31,14.81,15.35,15.85,16.28,16.77,17.21,17.57,17.78,17.92,18.07,18.31,18.63,18.9,19.01,19.03,19.08,19.19,19.32,19.46,19.56,19.62,19.69,19.83,20.01,20.15,20.2,20.19,20.18,20.18,20.14,20.02,19.83,19.59,19.41,19.44,19.72,19.63,19.18,18.69,17.77,16.84,16.32,16.02,15.69,15.22,14.69,14.48,14.35,14.1,13.79,13.95,13.98,13.93,13.87,13.76,13.63,13.51,13.45,13.31,13.37,13.63,13.74
2020-07-16,14.2,13.86,13.53,13.62,13.68,13.46,13.33,13.54,13.59,13.56,13.48,13.37,13.18,13.01,12.87,12.57,12.54,12.6,12.73,12.99,13.11,13.15,13.3,13.42,13.62,13.89,14.13,14.22,14.27,14.31,14.39,14.6,14.84,14.98,15.03,15.01,14.99,15.04,15.09,15.14,15.16,15.11,15.08,15.13,15.36,15.87,16.2,15.86,15.89,16.44,17.15,17.53,17.17,17.04,17.53,18.44,17.93,16.69,16.49,17.89,18.3,18.23,18.89,19.75,19.1,17.71,17.36,18.04,18.48,18.67,17.35,15.9,15.98,16.23,16.48,16.69,16.66,16.47,16.28,16.15,16.2,16.21,16.15,16.07,16.04,15.89,15.72,15.59,15.42,15.24,15.08,14.92,14.57,14.18,13.86,13.61
2020-07-17,13.91,13.68,13.42,13.28,13.25,13.23,13.2,13.17,13.15,13.12,13.09,13.06,13.02,12.98,12.94,12.91,12.97,13.02,13.05,13.09,13.14,13.22,13.34,13.5,13.66,13.84,14.03,14.21,14.4,14.53,14.69,14.81,14.92,15.03,15.17,15.36,15.59,15.87,16.16,16.47,16.81,17.19,17.62,18.03,18.37,18.76,19.15,19.4,19.59,19.82,20.11,20.42,20.73,21.02,21.27,21.47,21.54,21.55,21.56,21.54,21.53,21.52,21.51,21.51,21.52,21.56,21.59,21.59,21.53,21.46,21.36,21.23,21.07,20.9,20.64,20.05,19.38,19.43,19.44,19.33,19.06,18.79,18.59,18.34,18.13,17.66,17.17,16.6,16.14,15.65,15.1,15.0,14.46,14.35,14.19,14.21
2020-07-18,15.64,15.27,15.09,14.85,14.7,14.59,14.58,14.57,14.43,14.23,13.99,13.89,13.9,13.54,13.42,13.53,13.56,13.52,13.4,13.62,13.98,14.37,14.87,15.54,16.36,16.98,17.63,18.18,18.77,19.34,19.69,20.08,20.53,20.85,21.1,21.6,21.99,22.25,22.73,23.3,23.09,22.8,22.75,22.87,22.95,23.21,23.56,23.95,24.3,24.44,24.61,24.82,25.04,25.16,25.14,25.09,25.09,25.18,25.3,25.35,25.4,25.58,25.92,26.1,25.77,25.1,24.66,24.49,24.45,24.45,24.45,24.33,24.12,23.84,23.45,22.7,22.18,22.39,22.41,22.29,22.1,21.75,21.22,19.97,19.31,18.93,18.8,19.38,19.75,19.44,18.97,18.55,18.1,17.52,17.42,17.53
2020-07-19,15.5,15.24,14.7,14.5,14.73,14.86,14.79,14.6,14.18,13.77,13.5,13.54,13.94,14.06,13.98,13.78,13.39,12.97,13.13,13.97,14.51,15.03,15.76,16.33,17.07,17.69,18.31,18.85,19.44,19.75,20.19,20.6,20.73,21.0,21.41,21.72,21.78,21.91,22.21,22.6,22.82,22.9,23.15,23.53,23.83,23.96,24.02,24.1,24.18,24.23,24.27,24.36,24.46,24.58,24.67,24.75,24.8,24.85,24.92,24.99,25.06,25.12,25.19,25.19,25.17,25.1,25.02,24.93,24.85,24.79,24.7,24.55,24.21,23.69,23.18,22.73,22.34,21.96,21.41,20.86,20.31,19.7,19.09,18.78,18.56,18.26,17.96,17.73,17.44,17.16,16.91,16.54,16.09,15.97,15.83,15.68
2020-07-20,16.0,15.86,15.74,15.54,15.29,15.22,15.05,15.07,15.07,15.04,15.0,14.91,14.81,14.77,14.75,14.66,14.57,14.48,14.37,14.27,14.2,14.09,13.97,13.91,13.84,13.77,13.81,13.94,14.13,14.37,14.69,14.93,15.11,15.29,15.39,15.27,15.46,15.85,16.34,17.07,17.92,18.59,19.05,19.27,19.42,19.57,19.63,19.7,19.89,20.32,20.87,20.73,20.13,20.12,20.48,20.81,20.97,21.09,21.3,21.39,21.1,20.8,20.73,21.02,21.12,20.87,20.67,20.56,20.58,20.79,20.79,20.37,19.86,19.43,19.03,18.6,18.16,17.67,17.26,16.93,16.66,16.4,16.16,16.0,15.79,15.49,15.19,14.88,14.58,14.32,14.06,13.79,13.52,13.26,13.06,12.83
2020-07-21,12.33,12.18,11.99,11.77,11.43,10.93,10.69,10.64,10.54,10.43,10.46,10.22,10.34,10.37,10.36,10.31,10.3,10.29,10.37,10.6,10.85,11.02,11.32,11.63,11.98,12.36,12.78,13.28,13.79,14.26,14.62,14.95,15.27,15.63,16.03,16.42,16.75,16.96,17.16,17.46,17.78,18.11,18.46,18.78,19.02,19.21,19.47,19.77,19.97,20.08,20.11,20.12,20.22,20.53,20.88,21.03,21.01,21.02,21.05,20.96,20.74,20.58,20.5,20.41,20.28,20.07,19.86,19.9,20.07,19.75,19.21,18.93,18.78,18.65,18.46,18.24,17.98,17.68,17.05,16.3,15.64,15.47,15.82,15.84,15.53,15.2,14.88,14.61,14.32,14.04,13.78,13.55,13.31,12.98,12.68,12.49
2020-07-22,11.98,11.77,11.53,11.23,10.94,10.61,10.04,9.65,9.45,9.34,9.29,9.15,8.77,8.76,8.67,8.56,8.61,8.65,8.7,9.06,9.37,9.72,10.31,10.84,11.42,12.01,12.65,13.37,14.0,14.55,15.13,15.58,15.99,16.33,16.61,16.91,17.22,17.5,17.75,18.03,18.28,18.48,18.64,18.76,18.8,18.74,18.69,18.75,18.88,19.05,19.27,19.51,19.75,19.92,19.99,19.97,19.95,20.0,20.12,20.29,20.46,20.56,20.52,20.36,20.19,20.09,20.02,19.92,19.8,19.69,19.57,19.37,19.08,18.76,18.39,17.97,17.39,16.4,16.25,16.51,16.45,16.0,15.72,15.32,15.24,15.29,15.24,15.06,14.68,14.47,14.22,14.18,14.0,13.73,13.27,12.78
2020-07-23,13.55,13.0,12.49,12.73,12.49,11.94,11.38,10.89,10.85,10.97,11.32,11.2,11.09,10.75,10.85,10.86,10.75,10.39,10.59,10.79,11.44,12.32,13.21,13.96,14.61,15.25,15.96,16.77,17.33,17.78,18.07,18.34,18.59,18.88,19.25,19.58,19.73,20.07,20.43,20.59,20.67,20.81,20.99,21.18,21.39,21.6,21.81,22.03,22.26,22.49,22.73,22.97,23.17,23.33,23.44,23.51,23.58,23.66,23.74,23.79,23.82,23.86,23.89,23.84,23.7,23.56,23.48,23.42,23.27,23.1,22.93,22.77,22.56,22.3,22.0,21.68,21.14,20.37,20.31,20.21,19.8,19.22,18.91,18.64,18.92,19.6,19.61,19.33,19.02,18.7,18.43,18.26,18.05,17.81,17.62,17.43
2020-07-24,17.99,17.69,17.22,16.73,16.52,16.36,16.16,15.7,15.2,15.21,15.6,15.73,15.78,15.88,15.95,15.93,15.93,15.91,15.9,16.07,16.22,16.37,16.62,16.99,17.27,17.48,17.74,18.13,18.38,18.51,18.65,18.76,18.79,18.84,19.08,19.48,19.86,20.19,20.51,20.83,21.14,21.4,21.58,21.68,21.82,22.17,22.45,22.59,22.97,22.89,23.35,23.82,23.61,22.9,22.87,22.41,21.9,22.39,23.17,21.74,18.69,18.49,18.92,18.83,19.27,19.96,20.6,21.01,19.96,18.99,19.32,19.46,19.51,19.42,18.32,17.68,17.5,17.36,17.2,17.12,17.01,16.87,16.71,16.58,16.47,16.4,16.33,16.27,16.29,16.26,16.2,16.17,16.13,16.06,15.97,15.93
2020-07-25,14.88,14.86,14.99,15.0,14.87,14.89,15.38,15.44,14.79,14.59,14.48,14.29,14.51,14.58,14.54,14.49,14.43,14.35,14.29,14.41,14.59,14.84,15.28,15.82,16.3,16.69,17.04,17.34,17.73,18.27,18.9,19.45,19.85,20.38,20.84,21.28,21.61,21.88,22.19,22.6,22.86,23.1,23.43,23.93,24.34,24.15,24.1,24.67,24.83,24.7,25.05,21.91,20.16,21.15,20.72,22.56,23.69,24.53,25.1,24.08,22.68,20.89,20.51,20.86,20.27,20.6,21.45,22.19,20.6,19.46,19.79,20.12,19.84,19.8,19.68,19.36,18.99,18.48,18.28,18.17,18.08,18.16,17.88,17.73,17.62,17.41,17.19,16.94,17.07,17.01,16.92,16.78,16.7,16.76,16.76,16.69
2020-07-26,16.69,16.79,16.83,16.7,16.77,16.7,16.52,16.36,16.21,16.04,15.87,15.76,15.63,15.53,15.42,15.3,15.18,15.08,15.12,15.13,15.22,15.31,15.39,15.42,15.39,15.4,15.53,15.57,15.66,15.81,15.97,16.18,16.4,16.64,16.76,16.97,17.32,17.83,18.06,18.21,18.65,19.06,19.13,19.53,20.02,20.51,20.93,21.17,21.64,21.56,20.92,21.22,21.46,21.92,22.52,22.84,22.59,23.36,22.93,22.12,22.49,21.9,22.03,22.68,22.71,22.6,22.14,21.72,21.64,21.78,21.5,21.17,21.06,20.9,20.65,20.28,19.82,18.84,18.39,18.2,17.74,17.66,17.42,17.31,17.3,16.66,16.39,16.37,16.08,16.4,16.39,16.2,16.02,15.67,15.3,14.45
2020-07-27,15.9,15.68,15.3,14.79,14.06,13.45,13.08,12.92,12.69,12.57,12.42,12.3,12.4,12.56,12.62,12.86,13.02,13.01,13.16,13.4,13.89,14.36,14.77,15.54,16.29,16.97,17.81,18.76,19.73,20.58,21.37,22.19,22.77,23.05,23.37,23.86,24.38,24.84,25.21,25.27,25.22,25.54,25.92,26.17,26.47,26.6,26.75,27.05,27.27,27.58,27.56,27.61,27.93,28.0,28.21,28.45,28.41,28.57,28.7,28.85,29.03,29.11,29.49,29.62,29.22,28.38,27.79,27.61,27.62,27.66,27.71,27.62,27.22,26.79,26.42,25.99,25.51,25.1,24.92,24.76,24.54,24.2,23.8,23.39,23.04,22.74,22.5,22.23,21.91,21.57,21.32,21.05,20.89,20.79,20.39,19.73
2020-07-28,18.25,18.12,17.92,17.85,17.75,17.61,17.52,17.42,17.3,17.15,17.0,16.87,16.69,16.51,16.3,16.08,15.85,15.67,15.6,15.53,15.46,15.59,15.73,15.76,15.84,15.89,16.09,16.25,16.43,16.57,16.91,17.12,16.94,16.96,17.08,17.04,16.89,17.03,18.2,18.73,18.13,17.86,18.86,19.59,20.33,20.81,20.47,20.25,20.35,20.28,20.72,21.33,21.04,21.41,20.76,19.11,19.82,20.6,20.56,20.78,20.93,21.06,19.89,19.81,20.72,21.13,20.95,20.8,20.66,20.76,20.52,19.83,19.33,19.39,18.91,18.58,18.36,18.15,18.04,18.0,17.73,17.01,16.18,15.65,15.24,14.93,14.74,14.61,14.48,14.25,13.75,13.31,13.16,13.11,12.93,12.68
2020-07-29,13.52,13.25,12.85,12.25,12.01,12.08,11.82,11.61,11.64,11.54,11.42,11.29,11.21,11.12,11.09,11.08,11.08,11.07,11.2,11.37,11.75,12.17,12.68,13.19,13.66,14.13,14.56,14.89,15.22,15.51,15.79,16.11,16.42,16.65,16.88,17.03,17.07,17.22,17.54,17.92,18.28,18.67,19.07,19.47,19.81,20.07,20.21,20.21,20.34,20.55,20.73,20.83,20.89,21.0,21.19,21.44,21.69,21.91,21.99,21.87,21.69,21.59,21.53,21.47,21.43,21.4,21.4,21.38,21.27,21.05,20.79,20.53,20.26,19.96,19.52,18.83,18.5,18.2,17.87,17.26,16.89,16.73,16.52,16.29,15.85,15.34,15.24,15.27,15.15,15.0,14.76,14.66,14.69,14.54,14.2,13.82
2020-07-30,14.51,14.49,14.41,14.34,14.07,13.69,12.94,12.23,11.82,11.67,11.51,11.35,11.22,11.09,11.0,10.95,10.92,11.0,11.16,11.44,12.01,12.91,13.82,14.57,15.39,16.16,17.0,17.73,18.45,19.08,19.61,19.92,20.22,20.64,21.01,21.13,21.22,21.51,21.8,21.98,22.05,22.11,22.27,22.53,22.86,23.18,23.48,23.77,24.02,24.23,24.45,24.7,24.92,25.13,25.32,25.51,25.7,25.87,26.0,26.11,26.2,26.3,26.4,26.46,26.54,26.61,26.64,26.62,26.52,26.36,26.1,25.71,25.27,24.82,24.36,23.9,23.46,23.05,22.7,22.49,22.31,22.18,22.08,21.98,21.82,21.65,21.48,21.26,21.08,21.06,21.04,20.82,20.43,19.72,19.03,18.54
2020-07-31,18.65,18.46,18.29,18.04,17.92,18.26,18.28,18.19,18.2,18.19,18.23,18.22,18.24,18.18,18.1,17.13,16.68,16.87,17.04,17.53,18.06,18.64,19.3,20.29,21.41,22.34,23.12,23.88,24.69,25.47,26.14,26.77,27.36,27.86,28.33,28.79,29.09,29.28,29.46,29.79,30.27,30.75,31.14,31.27,31.18,31.27,31.64,31.92,31.99,32.04,32.18,32.42,32.7,32.92,33.09,33.27,33.48,33.74,33.99,34.24,34.48,34.66,34.73,34.7,34.61,34.52,34.38,34.18,33.95,33.71,33.42,33.0,32.42,31.59,31.11,30.76,30.19,29.59,28.97,28.44,28.09,27.66,27.08,27.3,27.68,27.73,27.8,27.72,27.62,27.62,27.61,27.52,27.46,27.41,27.33,27.23
2020-08-01,26.6,26.32,26.12,26.0,25.74,25.43,25.15,24.82,24.39,23.75,23.02,22.34,21.75,21.41,21.13,20.9,20.71,20.51,20.36,20.68,20.91,21.11,21.26,21.4,21.61,21.84,22.12,22.49,22.96,23.46,23.76,24.01,24.23,24.41,24.65,24.91,25.07,25.19,25.43,25.71,25.99,26.26,26.5,26.72,26.95,27.14,27.3,27.45,27.59,27.73,27.89,28.03,28.19,28.38,28.56,28.58,28.64,28.69,28.63,28.37,27.99,27.86,27.96,27.86,27.52,27.38,27.79,27.62,26.56,26.25,26.53,26.35,25.69,25.26,25.08,24.81,24.36,24.02,23.55,22.91,22.27,22.16,21.93,21.54,21.17,20.88,20.75,20.62,20.32,19.97,19.63,19.32,19.03,18.78,18.52,18.29
2020-08-02,18.0,17.79,17.49,17.3,17.13,16.93,16.75,16.6,16.44,16.26,16.09,15.95,15.83,15.72,15.6,15.51,15.46,15.4,15.32,15.32,15.34,15.38,15.46,15.58,15.77,15.99,16.2,16.37,16.46,16.46,16.41,16.39,16.49,16.67,16.94,17.29,17.66,18.15,18.76,19.26,19.69,20.03,20.21,20.28,20.47,20.69,20.89,21.18,21.44,21.63,21.77,21.74,21.53,21.24,21.0,20.93,20.94,20.87,20.78,20.77,20.81,20.63,20.61,20.62,20.88,20.32,19.73,19.41,19.29,19.37,19.3,19.2,19.26,19.33,19.17,18.74,18.13,17.42,16.21,15.97,15.96,15.88,15.52,15.21,14.62,14.59,14.61,14.51,13.99,13.46,13.32,13.41,13.37,13.26,12.78,12.41
2020-08-03,14.49,14.15,13.66,13.48,13.3,13.0,12.95,12.99,12.8,12.46,12.19,12.23,12.2,12.24,12.18,12.06,11.93,11.79,11.67,11.54,11.98,12.48,12.87,13.39,13.87,14.37,14.72,15.33,15.93,16.27,16.78,17.0,17.43,17.67,17.85,18.09,18.34,18.55,18.6,18.68,18.84,19.01,19.17,19.27,19.31,19.33,19.43,19.59,19.74,19.86,19.93,19.93,19.84,19.78,19.76,19.79,19.92,20.09,20.28,20.4,20.36,20.22,20.11,20.19,20.39,20.48,20.02,19.09,18.47,18.17,18.02,17.8,17.43,17.15,16.89,16.55,16.03,15.53,15.12,14.7,14.32,14.38,14.28,14.25,14.28,14.24,14.07,13.82,13.58,13.38,13.19,12.99,12.81,12.7,12.54,12.37
2020-08-04,12.05,11.95,11.85,11.75,11.62,11.5,11.37,11.09,10.86,10.84,10.91,11.05,11.09,11.05,10.94,10.82,10.72,10.62,10.49,10.27,10.42,10.63,10.74,10.79,10.85,10.98,11.26,11.67,12.09,12.56,13.13,13.64,14.05,14.58,15.17,15.68,16.1,16.65,17.23,17.65,18.01,18.43,18.84,19.17,19.4,19.55,19.68,19.85,20.02,20.15,20.23,20.27,20.32,20.36,20.4,20.44,20.49,20.55,20.59,20.64,20.71,20.79,20.85,20.91,20.96,21.01,21.0,20.93,20.82,20.69,20.49,20.19,19.77,18.91,18.24,18.41,18.53,18.48,18.28,18.14,17.88,17.48,16.62,15.91,15.36,15.0,14.57,14.28,14.01,13.76,13.34,12.37,11.97,12.12,11.81,11.48
2020-08-05,11.44,11.53,11.53,11.52,11.46,11.32,11.35,11.56,11.54,11.35,10.8,10.9,10.68,11.16,11.31,11.38,10.92,10.79,11.02,11.1,11.73,12.59,13.41,14.22,14.93,15.79,16.91,17.95,18.85,19.71,20.55,21.23,21.77,22.13,22.29,22.61,22.86,22.91,23.04,23.33,23.58,23.8,24.07,24.46,24.93,25.3,25.47,25.51,25.49,25.47,25.5,25.59,25.7,25.8,25.92,26.05,26.21,26.37,26.5,26.56,26.57,26.56,26.59,26.66,26.75,26.86,26.98,27.07,27.07,26.99,26.82,26.5,26.0,25.15,24.39,24.12,23.86,23.58,23.28,23.07,22.59,21.84,20.83,19.72,19.44,19.55,19.42,18.97,18.38,17.73,17.64,17.57,17.46,17.03,16.94,16.66
2020-08-06,16.73,16.92,16.49,16.62,16.47,16.33,16.11,15.76,15.86,16.46,16.75,16.84,16.5,16.15,15.92,15.65,15.74,15.83,15.83,15.76,15.58,16.42,17.36,17.99,18.59,19.34,20.25,21.11,22.01,22.82,23.54,24.22,24.76,25.16,25.52,25.85,26.16,26.42,26.64,26.8,26.86,27.0,27.35,27.81,28.28,28.66,28.89,28.92,28.79,28.63,28.63,28.82,29.05,29.16,29.12,28.98,28.82,28.8,28.9,29.0,29.15,29.32,29.57,29.94,30.26,30.48,30.61,30.61,30.46,30.22,30.03,29.8,29.11,28.46,27.65,26.67,26.5,26.28,25.69,24.99,24.34,23.73,23.07,22.27,21.92,21.48,21.44,21.16,21.01,20.79,20.65,20.59,20.49,20.27,20.05,20.04
2020-08-07,20.24,20.48,20.03,20.23,20.03,19.79,19.5,18.92,19.17,18.74,18.45,18.1,18.31,18.35,18.36,18.13,17.98,17.99,17.55,17.79,17.93,18.74,19.51,20.25,20.95,21.73,22.44,23.29,24.19,24.9,25.56,26.11,26.66,27.15,27.63,28.1,28.51,28.77,29.04,29.27,29.42,29.61,29.82,30.01,30.2,30.41,30.67,30.89,31.01,31.04,31.05,31.12,31.22,31.37,31.7,32.14,32.6,33.04,33.47,33.6,33.32,32.87,32.55,32.55,32.78,33.03,33.07,32.83,32.41,32.04,31.73,31.33,30.81,30.22,29.61,29.02,28.52,28.0,27.38,26.49,25.95,26.08,26.19,26.21,26.37,25.88,25.75,25.76,25.32,24.82,24.45,24.3,24.16,23.51,23.69,23.5
2020-08-08,23.97,23.55,23.16,22.77,22.46,22.22,21.87,21.22,21.27,21.45,20.99,21.04,20.33,20.53,20.35,20.14,20.0,19.8,19.66,19.48,19.6,20.29,21.2,22.01,22.78,23.66,24.52,25.32,26.2,27.07,27.75,28.4,28.93,29.39,29.82,30.21,30.39,30.61,30.89,31.05,31.13,31.35,31.64,31.92,32.25,32.82,32.91,32.49,32.4,32.24,32.11,32.27,32.33,32.33,32.39,32.32,32.18,31.93,31.89,32.05,32.12,31.93,31.53,31.1,30.67,30.89,30.1,29.03,28.64,28.26,28.46,27.35,27.65,29.42,29.24,28.73,27.97,27.34,27.22,27.39,27.39,27.79,27.83,27.32,26.19,24.65,24.39,24.09,23.94,22.95,22.2,21.99,22.08,21.94,21.96,22.09
2020-08-09,24.67,24.05,23.88,24.19,23.58,23.27,22.77,22.97,22.84,22.57,22.35,22.27,22.06,22.05,21.81,21.44,21.2,21.13,21.0,20.78,20.55,21.04,22.02,23.08,23.93,24.67,25.37,26.14,27.08,27.86,28.56,29.21,29.75,30.2,30.64,30.99,31.24,31.62,31.91,32.03,32.17,32.26,32.22,32.06,31.8,32.1,32.39,32.41,32.13,31.61,31.4,31.25,31.15,31.26,31.17,31.15,30.86,30.52,30.3,30.21,30.19,30.15,30.15,30.1,29.77,29.62,29.4,29.31,29.14,29.26,29.04,28.6,28.66,28.51,28.12,27.91,27.69,27.56,27.32,27.13,27.04,26.76,26.33,25.06,24.04,23.5,23.34,23.22,23.25,23.08,22.97,22.89,22.65,22.52,22.85,23.04
2020-08-10,21.51,21.37,21.23,21.02,20.86,20.76,20.73,20.73,20.68,20.72,20.63,20.55,20.6,20.67,20.61,20.68,20.52,20.48,20.52,20.58,20.77,20.89,21.02,21.22,21.53,21.98,22.45,23.1,23.8,24.48,24.99,25.27,25.49,25.8,26.0,26.22,26.35,26.56,26.72,26.92,27.12,27.45,27.77,28.04,28.63,29.36,29.99,30.33,30.24,30.25,30.37,30.19,29.91,29.98,29.91,28.58,29.0,29.58,29.16,28.93,28.52,28.24,28.28,28.45,28.04,28.16,28.84,28.97,29.17,27.57,28.12,26.72,27.06,26.76,26.35,26.27,26.16,26.3,26.12,26.06,26.03,25.84,25.61,25.46,25.25,25.09,24.88,24.63,24.26,23.98,23.77,23.55,23.39,23.4,23.57,23.37
2020-08-11,22.73,22.68,22.7,22.68,22.78,22.0,21.51,21.39,21.19,20.93,20.71,20.51,20.32,20.18,20.11,20.26,20.52,20.63,20.74,20.73,20.92,21.09,21.2,21.4,21.8,22.28,22.86,23.53,24.27,25.04,25.93,26.81,27.45,27.99,28.39,28.75,28.88,28.76,29.05,29.51,29.82,29.99,29.87,29.89,29.89,29.88,29.88,29.94,29.97,29.99,30.04,30.13,30.18,30.24,30.25,30.24,30.25,30.25,30.33,30.44,30.51,30.49,29.09,29.63,29.77,29.82,29.69,29.74,29.37,28.8,28.78,28.54,28.29,28.13,27.46,26.9,26.54,26.33,26.38,25.69,25.66,25.0,24.45,24.44,24.2,23.85,23.32,22.42,21.98,21.81,21.7,21.72,21.86,21.85,22.04,21.74
2020-08-12,20.86,20.73,20.63,20.53,20.44,20.41,20.44,20.45,20.42,20.39,20.35,20.28,20.16,20.03,19.94,19.98,20.06,20.13,20.13,20.02,20.31,20.68,21.16,21.7,22.34,23.08,23.88,24.63,25.37,26.13,26.94,27.65,27.87,28.09,28.51,28.95,29.35,29.67,30.01,30.28,30.41,30.46,30.5,30.56,30.59,30.64,30.81,31.05,31.38,31.61,31.46,31.41,31.33,31.32,31.53,31.4,30.67,30.08,29.91,29.93,29.65,29.73,29.75,29.87,29.7,29.75,29.81,29.91,30.0,29.85,28.96,28.83,28.57,28.08,27.5,27.17,27.0,26.84,26.72,26.53,26.34,25.93,25.47,24.99,24.68,24.04,23.09,22.56,22.6,22.83,22.28,22.06,21.9,21.72,21.59,21.51
2020-08-13,21.58,21.53,21.82,21.83,21.79,21.61,21.23,21.0,20.84,20.75,20.68,20.65,20.48,20.28,20.18,20.15,20.24,20.29,20.28,20.23,20.38,20.52,20.82,21.12,21.45,22.06,22.85,23.54,24.13,24.61,25.07,25.56,26.03,26.49,26.84,27.03,27.04,27.07,27.11,27.17,27.16,27.13,27.1,27.06,27.06,27.2,27.4,27.66,27.96,28.36,28.87,29.39,29.59,29.35,29.42,29.57,28.85,28.83,29.16,28.43,28.42,28.35,27.89,28.12,27.34,26.92,27.08,26.35,25.46,25.82,25.93,25.72,25.49,25.34,25.11,24.85,24.45,24.07,23.71,23.32,22.91,22.49,22.05,21.69,21.49,21.45,21.32,21.03,20.72,20.56,20.53,20.43,20.28,20.16,20.08,20.0
2020-08-14,21.13,20.96,20.78,20.59,20.38,20.21,20.07,19.93,19.77,19.62,19.49,19.34,19.15,18.96,18.8,18.7,18.64,18.61,18.58,18.55,18.74,18.87,19.16,19.51,19.88,20.23,20.6,20.98,21.4,21.83,22.23,22.68,23.14,23.52,23.84,24.11,24.3,24.43,24.59,24.77,24.85,24.88,24.91,24.96,25.02,25.1,25.22,25.34,25.45,25.58,25.78,26.03,26.09,26.13,26.21,26.24,26.21,26.24,26.49,26.53,25.47,23.89,23.89,24.66,24.79,24.47,22.92,21.6,21.48,21.63,21.75,21.76,21.66,21.48,21.19,20.99,20.75,20.42,20.19,19.99,19.82,19.71,19.67,19.65,19.6,19.56,19.5,19.42,19.31,19.23,19.16,19.11,19.04,18.93,18.83,18.75
2020-08-15,18.7,18.56,18.41,18.26,18.12,17.99,17.93,17.91,17.89,17.85,17.79,17.75,17.69,17.63,17.57,17.5,17.43,17.36,17.3,17.22,17.32,17.37,17.61,17.85,18.13,18.38,18.66,18.98,19.3,19.62,19.97,20.29,20.48,20.71,20.98,21.26,21.54,21.78,22.03,22.3,22.56,22.82,23.0,23.12,23.36,23.63,23.85,23.98,24.06,24.12,24.18,24.26,24.35,24.47,24.62,24.76,24.86,24.9,24.81,24.72,24.65,24.64,24.62,24.7,24.67,24.7,24.8,24.83,24.47,24.29,23.76,23.58,24.12,23.76,23.51,23.64,23.67,23.59,23.35,23.11,22.71,21.98,20.82,19.67,19.59,19.57,19.49,19.14,18.91,18.94,18.79,18.57,18.29,18.06,17.8,17.61
2020-08-16,18.9,18.5,18.26,18.12,17.92,17.68,17.54,17.52,17.46,17.33,17.11,17.2,17.14,17.0,16.8,16.61,16.45,16.29,16.19,16.12,16.19,16.63,17.04,17.39,17.77,18.24,18.89,19.63,20.15,20.72,21.29,21.72,22.19,22.71,23.22,23.71,24.2,24.62,24.86,25.08,25.36,25.65,25.86,25.97,26.08,26.24,26.36,26.34,26.32,26.37,26.43,26.32,26.12,26.02,26.02,26.05,25.88,25.83,25.91,26.03,26.01,26.0,25.94,25.88,25.76,25.75,25.64,25.32,24.75,24.12,23.87,24.05,23.93,23.72,23.66,23.29,22.87,22.45,21.86,21.13,20.53,20.35,20.32,19.93,19.6,19.33,19.18,19.1,19.03,18.99,18.89,18.87,19.08,19.13,18.9,18.65
2020-08-17,18.85,18.51,18.3,18.22,18.14,18.01,17.9,17.84,17.74,17.75,17.75,17.61,17.5,17.42,17.32,17.2,17.19,17.27,17.24,17.14,17.19,17.4,17.62,17.69,17.9,18.01,17.94,17.91,18.11,18.58,18.93,19.27,19.69,20.14,20.48,20.72,21.11,21.5,21.84,22.13,22.34,22.39,22.48,22.84,23.19,23.49,23.77,24.01,24.22,24.38,24.52,24.55,24.51,24.73,25.02,24.99,24.81,25.01,25.15,25.17,25.34,25.05,24.6,24.55,24.77,24.93,24.92,24.38,23.6,23.21,23.17,23.26,23.35,22.67,21.29,20.76,21.0,20.61,20.2,20.15,19.13,18.7,18.73,18.64,18.4,18.33,17.66,17.48,17.45,17.39,17.32,17.11,16.85,16.87,17.05,17.0
2020-08-18,15.96,15.92,15.86,15.81,15.72,15.64,15.6,15.52,15.38,15.16,14.95,14.78,14.54,14.3,14.09,13.93,13.85,13.85,13.88,13.92,14.12,14.3,14.63,14.9,15.13,15.38,15.65,15.94,16.29,16.64,16.97,17.22,17.45,17.73,18.02,18.37,18.81,19.32,19.83,20.19,20.43,20.64,20.91,21.18,21.38,21.52,21.66,21.77,21.9,22.07,22.24,22.34,22.34,22.39,22.45,22.58,22.74,22.89,22.94,22.81,22.68,22.69,22.67,22.5,22.14,21.59,20.98,20.36,19.92,19.95,20.22,20.5,20.53,19.9,19.44,19.29,18.9,18.38,17.65,17.56,17.28,16.94,16.55,16.44,16.18,15.94,15.65,15.54,15.38,15.05,14.8,14.9,14.82,14.63,14.5,14.41
2020-08-19,14.39,14.34,14.24,14.1,14.0,14.04,13.92,14.05,14.21,14.18,14.1,14.06,14.03,14.01,14.0,14.0,13.99,13.93,13.85,13.77,13.95,14.17,14.55,15.0,15.44,15.91,16.46,17.05,17.76,18.41,19.01,19.63,20.27,20.89,21.48,21.97,22.43,22.88,23.28,23.6,23.94,24.28,24.65,24.95,25.12,25.29,25.61,25.9,26.0,26.04,26.37,26.73,26.67,26.58,26.86,27.06,27.0,26.81,27.06,27.41,27.25,27.06,27.13,27.44,27.32,25.84,25.22,25.12,24.91,24.59,24.23,23.92,23.24,23.0,22.03,21.96,22.29,22.14,21.7,21.1,20.91,20.91,20.5,20.25,20.34,20.62,20.35,20.25,20.47,20.67,20.42,19.86,19.24,18.7,18.41,18.43
2020-08-20,19.05,19.18,19.2,19.17,19.22,19.34,19.39,19.38,19.33,19.33,19.33,19.35,19.38,19.49,19.63,19.71,19.71,19.65,19.56,19.45,19.48,19.49,19.7,19.97,20.31,20.56,20.74,20.98,21.41,21.91,22.44,22.9,23.35,23.91,24.64,25.48,26.33,26.95,27.48,27.9,28.21,28.36,28.43,28.65,28.85,29.22,29.91,30.16,30.19,30.63,30.93,30.77,30.62,30.97,31.32,31.23,31.63,32.18,31.15,30.89,31.14,31.09,30.99,30.99,31.01,30.9,30.68,30.5,30.16,29.67,29.0,28.56,28.75,28.75,28.7,28.24,26.42,25.13,25.06,25.31,25.49,25.42,25.06,24.52,24.09,23.43,22.67,22.26,21.4,20.79,20.8,20.38,20.45,20.37,20.36,20.52
2020-08-21,20.63,20.54,20.51,20.17,20.29,20.94,21.11,21.22,21.12,21.15,21.26,21.41,21.48,21.47,21.49,21.3,21.09,20.84,20.61,20.6,20.71,20.92,21.21,21.54,21.95,22.44,22.93,23.35,23.71,24.08,24.49,24.77,25.06,25.31,25.63,26.18,26.81,27.26,27.64,27.94,28.06,28.12,28.21,28.47,28.85,28.69,28.36,28.3,28.47,28.63,28.67,28.8,28.92,29.08,29.4,29.7,29.78,29.71,29.64,29.78,29.45,29.18,29.42,30.07,29.59,28.87,29.17,29.09,28.28,27.23,26.82,26.61,26.33,26.08,25.72,25.25,24.69,23.93,23.16,23.18,22.87,22.29,21.58,21.02,20.69,20.48,20.34,20.21,19.83,19.59,19.38,19.52,20.13,20.32,20.28,20.29
2020-08-22,20.18,19.94,19.66,19.37,19.13,18.92,18.73,18.52,18.24,17.93,17.65,17.51,17.44,17.34,17.18,16.99,16.78,16.57,16.42,16.33,16.5,16.5,16.61,16.72,16.82,16.96,17.14,17.36,17.63,17.9,18.16,18.42,18.74,19.18,19.65,20.06,20.35,20.62,20.87,21.22,21.51,21.76,22.06,22.28,22.54,22.89,23.15,23.06,23.09,23.42,23.38,23.46,23.52,23.79,24.14,23.92,22.62,22.75,23.26,23.13,22.32,21.99,22.58,21.34,20.9,21.04,20.83,20.81,20.72,20.73,20.63,20.01,19.47,19.08,18.85,18.45,18.45,18.24,17.93,17.89,17.81,17.64,17.27,17.09,17.01,17.13,17.15,16.98,16.72,16.46,16.24,16.04,15.84,15.66,15.5,15.35
2020-08-23,15.85,15.59,15.37,15.08,14.78,14.57,14.46,14.48,14.51,14.43,14.3,14.13,13.94,13.79,13.73,13.65,13.55,13.44,13.32,13.21,13.1,13.18,13.28,13.49,13.71,13.99,14.32,14.66,15.02,15.39,15.81,16.27,16.73,17.2,17.54,17.14,16.73,16.68,17.09,18.06,18.42,18.6,18.94,18.44,17.63,17.09,17.59,18.23,18.86,19.48,19.9,20.18,20.28,20.06,19.92,20.06,20.08,20.06,18.83,18.29,19.54,20.09,19.86,20.07,19.51,18.9,19.08,18.53,17.74,17.89,17.95,17.14,16.44,16.41,16.17,15.8,15.41,15.14,15.39,15.58,15.56,14.93,14.62,14.72,14.7,14.6,14.64,14.56,14.46,14.17,14.03,13.97,13.89,13.81,13.75,13.68
2020-08-24,14.01,13.8,13.59,13.4,13.22,13.06,12.92,12.8,12.7,12.59,12.51,12.44,12.4,12.38,12.39,12.38,12.41,12.4,12.36,12.32,12.43,12.55,12.78,13.0,13.23,13.45,13.68,13.9,14.18,14.51,14.89,15.29,15.66,15.95,16.18,16.32,16.58,16.89,17.18,17.52,17.86,18.18,18.5,18.74,18.86,19.01,19.22,19.42,19.58,19.65,19.77,20.01,20.26,20.18,20.53,20.69,20.3,20.18,20.57,21.01,21.16,21.22,21.35,21.55,20.76,19.29,18.52,18.5,18.18,18.09,18.0,17.67,17.32,16.87,16.75,16.64,16.49,15.99,15.56,14.86,14.77,15.02,15.21,15.2,14.76,14.53,14.42,14.39,14.33,14.37,14.44,14.44,14.41,14.35,14.25,14.21
2020-08-25,13.57,13.53,13.52,13.49,13.42,13.35,13.39,13.52,13.68,13.72,13.7,13.68,13.75,13.77,13.74,13.72,13.72,13.71,13.7,13.72,13.75,13.78,13.94,14.03,14.36,14.81,15.28,15.81,16.42,16.99,17.59,18.28,19.01,19.71,20.39,20.96,21.36,21.72,22.13,22.53,22.83,22.95,22.98,22.61,22.03,22.31,22.89,23.85,23.81,23.06,22.56,22.4,22.38,23.41,24.78,25.3,25.73,25.71,24.79,25.02,24.8,24.82,24.75,24.82,24.42,24.36,24.33,24.29,24.2,24.18,24.03,23.47,23.2,23.07,22.66,22.23,21.96,21.82,21.48,21.22,21.21,21.05,20.74,20.47,20.04,19.64,19.38,19.17,18.87,18.57,18.37,18.14,17.92,17.78,17.6,17.44
2020-08-26,17.3,17.23,17.03,16.88,16.73,16.55,16.23,15.8,15.76,15.72,15.57,15.54,15.64,15.74,15.78,15.81,15.85,15.86,15.85,15.8,15.75,15.76,15.73,15.68,15.62,15.59,15.65,15.71,15.67,15.48,15.27,15.17,15.22,15.27,15.25,15.2,15.3,15.81,16.21,16.28,16.02,15.81,15.72,15.87,16.76,17.78,18.56,18.43,17.57,18.61,19.2,19.5,19.78,20.03,20.11,20.17,20.22,19.96,19.7,19.44,19.26,19.16,19.36,19.59,19.51,19.4,19.26,18.79,17.88,17.46,17.64,17.58,16.78,16.13,15.8,15.68,15.49,15.26,15.14,15.06,15.03,14.91,14.78,14.68,14.59,14.5,14.42,14.39,14.33,14.25,14.14,14.03,13.91,13.73,13.56,13.44
2020-08-27,13.56,13.39,13.25,13.15,13.04,12.96,12.91,12.85,12.77,12.69,12.6,12.49,12.59,12.59,12.56,12.56,12.44,12.37,12.33,12.29,12.24,12.24,12.31,12.33,12.5,12.68,12.91,13.28,13.68,13.89,13.99,14.24,14.72,15.24,15.75,16.18,16.59,17.02,17.4,17.59,17.65,17.73,17.87,18.23,18.35,18.58,18.94,18.96,18.74,17.98,17.22,18.09,18.82,19.44,20.11,19.75,19.61,19.85,20.05,19.81,19.73,19.91,20.33,20.66,20.78,20.89,20.69,20.3,20.15,20.1,19.85,19.13,18.21,18.03,17.76,17.62,17.38,16.77,15.91,15.43,15.52,15.68,15.74,15.77,16.14,16.42,16.67,16.86,16.92,16.92,16.98,17.05,16.69,16.52,16.71,17.02
2020-08-28,16.18,16.32,16.25,16.25,16.17,16.05,15.99,15.96,15.88,15.83,15.76,15.68,15.57,15.43,15.15,14.83,14.75,14.73,14.62,14.45,14.47,14.49,14.48,14.42,14.4,14.48,14.62,14.84,15.08,15.35,15.71,16.02,16.46,16.9,17.35,17.66,17.61,17.12,16.85,17.91,18.66,19.01,18.64,17.47,17.43,17.92,18.57,19.21,19.69,19.24,18.09,19.69,19.8,20.17,20.61,20.31,20.45,20.16,18.17,18.52,19.64,19.46,18.58,17.84,17.53,17.7,17.97,18.13,18.38,18.57,18.47,17.81,16.88,16.43,16.01,15.58,15.12,14.74,14.23,13.59,13.26,13.27,13.49,13.69,13.83,13.84,13.74,13.65,13.65,13.59,13.46,13.3,13.16,13.09,12.95,12.86
2020-08-29,12.54,12.47,12.38,12.31,12.25,12.24,12.29,12.34,12.34,12.3,12.25,12.2,12.17,12.14,12.13,12.12,12.1,12.08,12.06,12.03,12.04,12.06,12.13,12.11,12.24,12.36,12.53,12.79,13.16,13.59,14.1,14.68,15.25,15.72,16.2,16.68,17.08,17.48,17.78,18.05,18.38,18.7,18.99,19.27,19.51,19.63,19.63,19.64,19.74,19.92,19.9,19.79,20.04,19.99,18.66,16.3,16.05,17.02,18.03,18.7,19.1,19.25,19.26,18.24,18.14,18.16,18.3,18.57,18.35,17.85,17.44,16.95,16.17,15.59,15.19,14.85,14.56,14.42,14.34,14.16,13.85,13.53,13.53,13.64,13.6,13.58,13.56,13.42,13.22,13.04,12.86,12.71,12.55,12.42,12.28,12.13
2020-08-30,11.66,11.51,11.34,11.18,11.03,10.92,10.85,10.81,10.76,10.73,10.71,10.69,10.69,10.67,10.62,10.58,10.62,10.67,10.73,10.78,11.04,11.24,11.35,11.32,11.36,11.46,11.62,11.82,12.07,12.33,12.63,12.98,13.4,13.77,14.19,14.64,15.12,15.64,16.05,16.39,16.78,17.0,17.08,17.2,17.31,17.4,17.42,17.5,17.82,18.09,18.33,18.57,18.77,18.96,19.16,19.41,19.69,19.93,20.08,20.02,19.7,19.42,19.35,19.38,19.35,19.3,19.32,19.21,18.87,18.5,18.2,17.9,17.52,17.12,16.58,16.13,15.76,15.36,15.0,14.8,15.12,15.23,15.05,14.85,14.63,14.44,14.24,14.02,13.81,13.74,13.64,13.5,13.35,13.2,13.04,12.9
2020-08-31,12.39,12.19,12.0,11.84,11.72,11.64,11.58,11.52,11.47,11.42,11.4,11.36,11.32,11.26,11.19,11.11,11.01,10.94,10.9,10.87,10.83,10.82,10.85,10.86,10.94,11.01,11.08,11.22,11.38,11.5,11.62,11.74,11.91,12.1,12.3,12.52,12.75,12.95,13.16,13.45,13.93,14.38,14.84,15.35,15.78,16.17,16.54,16.9,17.18,17.04,16.11,15.11,14.9,15.55,16.49,17.07,17.11,17.15,17.34,16.94,16.56,16.58,16.61,16.83,17.08,17.27,17.59,17.6,17.1,16.62,16.33,16.04,15.91,15.52,14.74,14.29,14.07,13.66,13.37,13.64,13.15,12.96,12.86,12.7,12.43,12.16,11.94,11.78,11.58,11.26,10.85,10.57,10.37,10.31,10.05,9.78
2020-09-01,11.49,11.44,11.37,11.3,11.2,11.1,10.99,10.86,10.41,10.0,9.73,9.52,9.21,8.91,8.66,8.48,8.39,8.34,8.21,8.06,8.03,8.16,8.43,8.48,8.41,8.36,8.48,8.69,8.95,9.23,9.5,9.74,10.07,10.4,10.77,11.08,11.44,11.85,12.3,12.73,13.12,13.49,13.78,14.02,14.24,14.48,14.73,14.96,15.2,15.47,15.77,16.08,16.34,16.58,16.76,16.88,16.99,17.13,17.33,17.47,17.47,17.37,17.22,17.08,17.02,17.03,17.03,16.94,16.63,16.28,15.89,15.45,14.98,14.57,14.07,13.48,12.85,11.98,11.61,11.53,11.4,11.29,11.14,10.77,10.86,10.77,10.69,10.59,9.85,9.83,9.5,9.68,9.06,9.16,9.3,9.23
2020-09-02,10.84,10.58,10.42,10.31,10.3,10.35,10.27,10.16,9.8,9.23,9.16,9.13,8.97,8.78,8.57,8.1,7.74,7.53,7.39,7.34,7.3,7.45,7.72,7.26,7.27,7.75,8.01,8.44,9.17,9.99,10.35,11.07,11.93,12.85,13.45,14.26,15.01,15.54,16.18,16.64,16.97,17.38,17.75,17.94,18.07,18.27,18.5,18.74,18.96,19.15,19.31,19.48,19.66,19.81,19.9,19.97,20.01,20.02,20.01,19.97,19.91,19.85,19.77,19.67,19.54,19.47,19.38,19.22,18.95,18.66,18.33,17.82,16.74,16.2,16.14,15.96,15.51,14.93,14.48,14.07,13.79,13.29,12.73,12.3,12.04,12.02,11.83,11.72,11.65,11.63,11.38,10.7,10.09,10.32,10.16,10.62
2020-09-03,11.44,11.23,10.86,10.39,10.24,9.98,10.08,10.13,10.1,9.75,9.56,9.35,9.4,9.54,9.89,10.35,10.51,10.47,10.4,10.36,10.37,10.46,10.7,10.86,11.29,11.86,12.38,12.88,13.58,14.28,14.61,14.69,14.59,15.1,16.2,16.59,17.25,17.73,17.93,17.78,18.63,19.38,19.89,20.01,20.53,21.23,21.74,21.91,22.1,22.13,22.1,22.3,22.55,22.54,22.13,21.19,20.93,21.14,21.68,22.12,22.1,21.95,21.79,22.03,22.15,21.98,21.25,19.42,19.09,19.8,20.37,20.61,20.61,20.57,20.42,20.28,20.13,19.95,19.75,19.54,19.47,19.39,19.14,18.87,18.61,18.51,18.37,18.3,18.0,17.79,17.77,17.77,17.88,18.01,18.17,18.37
2020-09-04,17.26,17.39,17.45,17.55,17.63,17.62,17.65,17.64,17.51,17.36,17.25,17.17,17.08,16.98,16.86,16.71,16.53,16.35,16.16,15.98,15.84,15.7,15.68,15.73,15.89,16.09,16.29,16.46,16.53,16.5,16.55,16.84,17.35,17.83,17.8,17.77,17.97,18.22,18.42,18.56,18.68,18.73,18.77,18.93,19.32,19.76,20.05,20.21,20.38,20.55,20.98,21.49,21.42,21.21,21.1,21.14,21.14,21.03,20.95,20.92,20.94,21.01,21.13,21.24,21.2,21.02,21.03,21.22,21.2,21.06,20.84,20.5,19.88,19.57,19.47,18.94,18.13,17.91,17.67,17.56,17.31,17.23,17.22,17.07,16.75,16.31,15.91,15.46,15.04,14.71,14.34,14.06,13.78,13.74,13.64,13.19
2020-09-05,13.61,13.42,13.04,12.63,12.47,12.89,13.15,13.07,12.98,12.96,12.91,12.83,12.86,12.89,12.75,12.7,12.66,12.62,12.46,12.38,12.51,12.89,13.06,12.93,12.88,12.94,12.98,12.88,12.82,12.84,13.05,13.08,13.02,12.97,12.87,12.88,13.18,14.09,15.0,15.51,16.03,15.87,15.98,16.45,16.85,16.88,16.87,16.75,16.63,16.67,16.85,17.0,17.06,17.35,17.2,16.54,16.12,16.53,17.04,17.64,17.69,17.5,17.32,17.11,16.38,15.21,14.67,14.68,14.93,14.81,14.58,14.72,14.87,14.88,14.68,14.01,13.41,13.24,12.8,12.68,12.83,13.0,13.08,13.04,12.93,12.68,12.25,11.91,11.52,11.25,11.0,10.71,10.41,10.1,9.83,9.36
2020-09-06,7.78,7.59,7.39,7.06,6.82,7.35,7.68,7.6,7.53,7.41,7.31,7.24,7.2,7.19,7.21,7.2,7.23,7.2,7.21,7.24,7.21,7.13,7.0,6.93,7.41,7.93,8.48,9.34,10.08,10.74,11.56,12.4,13.12,13.67,14.07,14.43,14.42,14.44,14.72,15.11,15.33,15.59,15.86,16.06,16.22,16.39,16.66,16.91,17.08,17.33,17.45,17.59,17.83,17.99,17.89,17.16,17.05,17.25,17.54,17.87,17.87,18.16,18.57,18.04,17.34,16.96,16.89,16.9,16.82,16.62,16.26,15.42,14.74,14.59,14.24,13.72,13.52,13.31,13.32,13.44,13.33,13.03,12.69,12.3,12.02,11.47,11.01,10.58,10.18,9.9,9.71,9.73,9.76,9.69,9.59,9.45
2020-09-07,8.88,8.49,8.39,8.0,7.83,7.59,7.39,7.02,6.86,6.88,6.87,6.78,6.6,6.5,6.34,6.19,6.0,5.68,5.43,5.32,5.27,5.36,5.3,5.36,5.95,7.1,8.26,9.37,10.58,11.5,12.49,13.34,14.2,14.78,15.38,15.8,16.13,16.38,16.61,16.95,17.09,17.24,17.51,17.82,18.1,18.34,18.55,18.73,18.92,19.13,19.33,19.52,19.69,19.85,19.95,19.97,19.91,19.84,19.82,19.83,19.91,20.03,20.13,20.15,20.05,19.91,19.73,19.52,19.29,18.86,18.68,18.61,18.34,17.79,17.06,16.01,15.85,15.57,14.74,13.99,13.88,14.19,14.1,13.99,13.88,13.6,13.24,12.84,12.5,12.43,12.56,12.57,12.51,12.47,12.46,12.54
2020-09-08,12.06,12.11,12.25,12.43,12.51,12.4,11.97,11.23,10.88,11.1,11.32,11.45,11.66,11.83,11.91,11.95,11.98,12.01,12.02,12.01,11.94,11.85,11.77,11.69,11.93,12.27,12.71,13.25,13.84,14.38,14.9,15.44,16.01,16.54,17.11,17.65,18.1,18.5,18.78,19.02,19.29,19.52,19.71,19.82,19.92,20.04,20.17,20.3,20.44,20.57,20.7,20.82,20.94,21.06,21.17,21.28,21.37,21.43,21.46,21.5,21.54,21.59,21.6,21.54,21.43,21.32,21.19,21.03,20.85,20.65,20.41,20.09,19.68,19.28,18.98,18.58,18.33,18.19,18.24,18.33,18.46,18.57,18.58,18.51,18.4,18.25,18.07,17.84,17.56,17.21,16.8,16.34,15.85,15.41,15.28,15.31
2020-09-09,15.04,14.97,14.97,15.1,15.22,15.23,15.19,15.13,15.02,14.87,14.72,14.58,14.67,14.86,14.98,15.0,15.1,15.14,15.11,15.1,15.19,15.39,15.58,15.7,15.82,15.91,16.0,16.16,16.28,16.46,16.75,17.1,17.35,17.62,17.95,18.41,18.95,19.16,19.02,18.77,19.19,19.53,19.72,19.56,19.67,19.74,19.83,20.01,20.8,21.55,21.93,21.38,20.97,20.92,21.47,22.41,22.65,22.46,21.72,20.72,20.69,21.3,22.12,22.49,22.68,22.8,22.75,21.97,19.99,19.34,19.37,18.94,19.03,18.9,18.65,18.66,18.69,18.43,18.17,18.07,17.98,17.83,17.64,17.39,17.24,16.9,16.64,16.34,15.87,15.55,15.36,15.21,15.0,14.82,14.66,14.5
2020-09-10,13.96,13.71,13.46,13.22,12.98,12.73,12.5,12.26,12.29,12.3,12.26,12.2,11.83,11.58,11.41,11.27,11.18,11.09,10.92,10.73,10.59,10.48,10.34,10.19,10.22,10.21,10.36,10.54,10.7,10.88,11.12,11.51,12.06,12.72,13.31,13.8,14.36,14.94,15.45,15.93,16.46,17.01,17.5,17.72,17.82,18.07,18.37,18.69,19.0,19.29,19.52,19.65,19.72,19.76,19.78,19.77,19.75,19.73,19.7,19.67,19.63,19.57,19.47,19.33,19.16,18.99,18.79,18.52,18.22,17.9,17.49,16.95,16.26,15.37,15.03,15.06,14.81,14.45,14.18,14.08,13.84,13.57,13.5,13.41,13.26,13.11,12.74,12.52,12.09,11.65,11.05,10.65,10.29,10.09,9.66,9.29
2020-09-11,10.29,10.24,10.27,10.39,10.28,10.04,9.95,9.9,9.91,9.91,9.86,9.75,9.58,9.49,9.35,9.11,8.52,8.4,8.2,8.06,7.85,7.91,7.69,7.96,7.91,8.32,9.12,10.5,11.69,12.62,13.69,14.82,15.74,16.63,17.32,17.97,18.4,18.65,19.08,19.41,19.6,19.91,20.16,20.25,20.38,20.54,20.76,21.01,21.25,21.48,21.68,21.84,21.94,22.0,22.04,22.07,22.1,22.15,22.19,22.23,22.26,22.29,22.32,22.35,22.32,22.31,22.28,22.18,21.93,21.58,21.03,20.34,19.56,18.98,18.83,18.26,17.96,17.97,17.87,17.77,17.43,16.76,15.55,14.72,14.26,13.64,13.6,13.51,13.38,13.32,13.01,12.54,11.97,11.61,11.46,11.09
2020-09-12,11.97,12.39,11.91,11.77,12.32,12.42,12.16,11.86,11.77,11.9,12.01,11.71,11.32,11.24,11.26,11.01,10.77,10.59,10.43,10.3,10.18,10.1,10.0,9.9,10.16,10.59,11.18,11.74,12.31,12.96,13.73,14.43,15.1,15.81,16.47,17.04,17.53,17.95,18.28,18.59,18.84,19.07,19.36,19.62,19.86,20.11,20.31,20.53,20.74,20.87,20.98,21.06,21.13,21.18,21.24,21.28,21.31,21.34,21.36,21.39,21.41,21.43,21.42,21.37,21.29,21.19,21.06,20.88,20.63,20.21,19.63,18.69,18.02,17.8,17.4,16.95,16.42,15.97,15.66,15.67,15.29,14.89,14.44,14.18,13.86,13.18,12.68,12.4,12.26,12.04,11.78,11.68,11.54,11.31,11.09,10.9
2020-09-13,11.85,11.49,11.24,10.77,10.78,10.88,10.8,10.82,11.01,11.04,11.07,11.24,11.26,11.2,11.23,11.22,11.16,11.06,10.97,10.89,10.82,10.76,10.74,10.7,10.87,11.02,11.51,12.25,13.07,13.84,14.51,15.24,16.13,17.03,17.79,18.49,19.13,19.68,20.12,20.42,20.7,21.03,21.37,21.66,21.83,21.89,22.03,22.23,22.43,22.61,22.79,22.96,23.12,23.25,23.34,23.41,23.51,23.62,23.74,23.86,23.98,24.11,24.2,24.26,24.25,24.21,24.11,23.91,23.59,23.17,22.42,21.33,20.98,20.78,20.65,20.41,19.86,19.48,19.38,19.42,19.11,18.78,18.18,17.72,17.82,17.89,17.81,17.65,17.44,17.34,17.26,17.25,17.0,16.59,16.45,16.27
2020-09-14,15.01,14.91,14.73,14.12,14.35,14.01,13.63,13.45,13.45,12.99,13.29,13.0,13.41,13.87,13.64,14.53,14.06,14.25,13.54,13.35,13.3,13.27,13.91,13.41,13.49,13.91,14.71,15.77,16.59,17.44,18.39,19.39,20.52,21.55,22.35,23.05,23.78,24.39,24.92,25.43,25.95,26.37,26.75,27.11,27.45,27.79,28.02,28.15,28.32,28.55,28.76,28.84,28.9,28.99,29.12,29.29,29.51,29.76,29.99,30.22,30.35,30.4,30.36,30.25,30.09,29.89,29.62,29.24,28.75,28.05,27.7,27.5,26.85,25.92,25.0,24.24,23.73,23.27,23.03,22.64,22.25,21.87,21.36,21.0,20.63,20.37,20.04,19.74,19.5,19.2,18.95,18.73,18.45,18.43,18.41,18.51
2020-09-15,18.97,18.91,18.48,18.08,18.3,17.7,17.41,17.34,16.88,16.72,16.67,16.63,16.53,16.53,16.43,16.34,16.21,16.15,16.24,16.25,16.18,16.06,15.97,15.88,16.03,16.24,16.65,17.23,17.86,18.7,19.83,21.14,22.21,23.33,24.46,25.33,26.1,26.81,27.56,28.03,28.27,28.69,28.89,29.03,29.37,29.72,29.99,30.18,30.34,30.52,30.73,30.92,31.04,31.11,31.18,31.23,31.25,31.28,31.32,31.37,31.39,31.4,31.36,31.18,31.01,30.83,30.34,29.55,28.99,28.16,28.03,28.18,28.11,27.98,27.8,27.32,26.79,25.69,24.56,23.41,22.8,22.62,22.53,22.39,21.87,21.41,21.22,20.94,20.65,20.27,19.98,20.05,19.89,19.62,19.08,18.73
